{"producer_bhp": [[1115.188913512975, 912.4459178186953, 1115.188913512975, 912.4459178186953, 1115.188913512975, 912.4459178186953, 1115.188913512975, 1206.031135842204, 1115.188913512975, 1206.031135842204], [1007.6635578647256, 1049.4504322763532, 1007.6635578647256, 1049.4504322763532, 1007.6635578647256, 1049.4504322763532, 1007.6635578647256, 1172.4474540445954, 1007.6635578647256, 1172.4474540445954], [900.1382022164762, 1186.4549467340112, 900.1382022164762, 1186.4549467340112, 900.1382022164762, 1186.4549467340112, 900.1382022164762, 1138.8637722469866, 900.1382022164762, 1138.8637722469866], [969.2855715751648, 1269.9295388069004, 969.2855715751648, 1269.9295388069004, 969.2855715751648, 1269.9295388069004, 969.2855715751648, 1123.6051049549133, 969.2855715751648, 1123.6051049549133], [1038.4329409338534, 1353.4041308797896, 1038.4329409338534, 1353.4041308797896, 1038.4329409338534, 1353.4041308797896, 1038.4329409338534, 1108.34643766284, 1038.4329409338534, 1108.34643766284], [1269.6022857911885, 964.1384292393923, 1269.6022857911885, 964.1384292393923, 1269.6022857911885, 964.1384292393923, 1269.6022857911885, 1213.0159145221114, 1269.6022857911885, 1213.0159145221114]], "injector_rates": [[740.7714969478548, 374.4777996093035, 374.4777996093035, 740.7714969478548, 305.9593110345304], [871.8377179931849, 759.520228067413, 759.520228067413, 871.8377179931849, 750.6025238893926], [1002.9039390385151, 1144.5626565255225, 1144.5626565255225, 1002.9039390385151, 1195.2457367442548], [1084.9630129057914, 743.5741296038032, 743.5741296038032, 1084.9630129057914, 1103.1988239381462], [1167.0220867730677, 342.58560268208385, 342.58560268208385, 1167.0220867730677, 1011.1519111320376], [828.0916420742869, 387.1986720710993, 387.1986720710993, 828.0916420742869, 393.81999503821135]]}