{"producer_bhp": [[1173.9241984672844, 1113.830306660384, 1173.9241984672844, 1113.830306660384, 1173.9241984672844, 1113.830306660384, 1173.9241984672844, 1238.559813797474, 1173.9241984672844, 1238.559813797474], [1126.9489166792482, 1037.3774625826627, 1126.9489166792482, 1037.3774625826627, 1126.9489166792482, 1037.3774625826627, 1126.9489166792482, 1076.1546591296792, 1126.9489166792482, 1076.1546591296792], [1079.973634891212, 960.9246185049415, 1079.973634891212, 960.9246185049415, 1079.973634891212, 960.9246185049415, 1079.973634891212, 913.7495044618845, 1079.973634891212, 913.7495044618845], [1110.0911336019635, 1150.7667464669794, 1110.0911336019635, 1150.7667464669794, 1110.0911336019635, 1150.7667464669794, 1110.0911336019635, 1153.6481579300016, 1110.0911336019635, 1153.6481579300016], [1140.208632312715, 1340.6088744290173, 1140.208632312715, 1340.6088744290173, 1140.208632312715, 1340.6088744290173, 1140.208632312715, 1393.5468113981187, 1140.208632312715, 1393.5468113981187], [934.9805378355086, 1374.7343859635293, 934.9805378355086, 1374.7343859635293, 934.9805378355086, 1374.7343859635293, 934.9805378355086, 1175.8562751114368, 934.9805378355086, 1175.8562751114368]], "injector_rates": [[646.9782494008541, 444.13649775087833, 444.13649775087833, 646.9782494008541, 783.4694783203304], [557.169097289443, 789.9838230572641, 789.9838230572641, 557.169097289443, 801.9204653799534], [467.3599451780319, 1135.8311483636498, 1135.8311483636498, 467.3599451780319, 820.3714524395764], [409.3983919825405, 818.4467897750437, 818.4467897750437, 409.3983919825405, 638.3745308965445], [351.43683878704906, 501.0624311864376, 501.0624311864376, 351.43683878704906, 456.3776093535125], [659.8865361884236, 1198.778281453997, 1198.778281453997, 659.8865361884236, 594.0434915944934]]}