{"producer_bhp": [[1081.102190632373, 1232.8181756660342, 1081.102190632373, 1232.8181756660342, 1081.102190632373, 1232.8181756660342, 1081.102190632373, 1178.5835824906826, 1081.102190632373, 1178.5835824906826], [1027.430314430967, 1236.2316836137325, 1027.430314430967, 1236.2316836137325, 1027.430314430967, 1236.2316836137325, 1027.430314430967, 1047.2038752399385, 1027.430314430967, 1047.2038752399385], [973.7584382295609, 1239.6451915614307, 973.7584382295609, 1239.6451915614307, 973.7584382295609, 1239.6451915614307, 973.7584382295609, 915.8241679891944, 973.7584382295609, 915.8241679891944], [1118.5252180788666, 1167.4123232718557, 1118.5252180788666, 1167.4123232718557, 1118.5252180788666, 1167.4123232718557, 1118.5252180788666, 1130.6542787700891, 1118.5252180788666, 1130.6542787700891], [1263.2919979281723, 1095.1794549822807, 1263.2919979281723, 1095.1794549822807, 1263.2919979281723, 1095.1794549822807, 1263.2919979281723, 1345.484389550984, 1263.2919979281723, 1345.484389550984], [1359.0944205410779, 1146.310319751501, 1359.0944205410779, 1146.310319751501, 1359.0944205410779, 1146.310319751501, 1359.0944205410779, 1371.524044405669, 1359.0944205410779, 1371.524044405669]], "injector_rates": [[1186.109531018883, 367.39462204277515, 367.39462204277515, 1186.109531018883, 722.5223234854639], [955.9425336308777, 338.21489196270704, 338.21489196270704, 955.9425336308777, 843.413904402405], [725.7755362428725, 309.03516188263893, 309.03516188263893, 725.7755362428725, 964.3054853193462], [719.4354818668216, 480.90160083957016, 480.90160083957016, 719.4354818668216, 752.0791499409825], [713.0954274907708, 652.7680397965014, 652.7680397965014, 713.0954274907708, 539.8528145626187], [988.3322887122631, 1168.8129273243248, 1168.8129273243248, 988.3322887122631, 1016.9984998181462]]}