{"producer_bhp": [[1158.3343172445893, 1044.5844466798007, 1158.3343172445893, 1044.5844466798007, 1158.3343172445893, 1044.5844466798007, 1158.3343172445893, 923.3708843588829, 1158.3343172445893, 923.3708843588829], [1062.5466188415885, 979.3527155183256, 1062.5466188415885, 979.3527155183256, 1062.5466188415885, 979.3527155183256, 1062.5466188415885, 1084.6945784054697, 1062.5466188415885, 1084.6945784054697], [966.7589204385877, 914.1209843568504, 966.7589204385877, 914.1209843568504, 966.7589204385877, 914.1209843568504, 966.7589204385877, 1246.0182724520564, 966.7589204385877, 1246.0182724520564], [1101.0213476605713, 1034.0680664870888, 1101.0213476605713, 1034.0680664870888, 1101.0213476605713, 1034.0680664870888, 1101.0213476605713, 1137.1548116207123, 1101.0213476605713, 1137.1548116207123], [1235.283774882555, 1154.0151486173272, 1235.283774882555, 1154.0151486173272, 1235.283774882555, 1154.0151486173272, 1235.283774882555, 1028.2913507893682, 1235.283774882555, 1028.2913507893682], [1177.0423460751772, 1021.7735414393246, 1177.0423460751772, 1021.7735414393246, 1177.0423460751772, 1021.7735414393246, 1177.0423460751772, 1353.937795944512, 1177.0423460751772, 1353.937795944512]], "injector_rates": [[1008.3034294657409, 716.7980988509953, 716.7980988509953, 1008.3034294657409, 744.6168274618685], [716.2442444823682, 917.351781623438, 917.351781623438, 716.2442444823682, 728.2974782399833], [424.18505949899554, 1117.9054643958807, 1117.9054643958807, 424.18505949899554, 711.9781290180981], [431.7407748196274, 914.6422677207738, 914.6422677207738, 431.7407748196274, 777.4081213865429], [439.29649014025927, 711.3790710456669, 711.3790710456669, 439.29649014025927, 842.8381137549877], [911.6459724493325, 1058.667445834726, 1058.667445834726, 911.6459724493325, 1159.9725550040603]]}