{"producer_bhp": [[1118.8912564888597, 1205.629322770983, 1118.8912564888597, 1205.629322770983, 1118.8912564888597, 1205.629322770983, 1118.8912564888597, 1306.915192026645, 1118.8912564888597, 1306.915192026645], [1129.2893186677247, 1282.7860322780907, 1129.2893186677247, 1282.7860322780907, 1129.2893186677247, 1282.7860322780907, 1129.2893186677247, 1342.503813887015, 1129.2893186677247, 1342.503813887015], [1139.6873808465898, 1359.9427417851985, 1139.6873808465898, 1359.9427417851985, 1139.6873808465898, 1359.9427417851985, 1139.6873808465898, 1378.092435747385, 1139.6873808465898, 1378.092435747385], [1268.2624802459031, 1160.9721841290593, 1268.2624802459031, 1160.9721841290593, 1268.2624802459031, 1160.9721841290593, 1268.2624802459031, 1296.5878142043948, 1268.2624802459031, 1296.5878142043948], [1396.8375796452165, 962.0016264729202, 1396.8375796452165, 962.0016264729202, 1396.8375796452165, 962.0016264729202, 1396.8375796452165, 1215.0831926614046, 1396.8375796452165, 1215.0831926614046], [1259.8437593318522, 1127.7238559909165, 1259.8437593318522, 1127.7238559909165, 1259.8437593318522, 1127.7238559909165, 1259.8437593318522, 1351.4477108605206, 1259.8437593318522, 1351.4477108605206]], "injector_rates": [[980.4985946975648, 500.43270299211144, 500.43270299211144, 980.4985946975648, 786.3338571041822], [1046.5087803080678, 632.5021422933787, 632.5021422933787, 1046.5087803080678, 845.8629871252924], [1112.5189659185708, 764.571581594646, 764.571581594646, 1112.5189659185708, 905.3921171464026], [772.2427815198898, 766.8884360231459, 766.8884360231459, 772.2427815198898, 616.5663183666766], [431.9665971212089, 769.2052904516459, 769.2052904516459, 431.9665971212089, 327.74051958695054], [873.5606060363352, 1060.9947189688683, 1060.9947189688683, 873.5606060363352, 336.3465598784387]]}