{"producer_bhp": [[993.387805391103, 1325.29273359105, 993.387805391103, 1325.29273359105, 993.387805391103, 1325.29273359105, 993.387805391103, 969.9727335013449, 993.387805391103, 969.9727335013449], [1163.0889213178307, 1345.4878680408, 1163.0889213178307, 1345.4878680408, 1163.0889213178307, 1345.4878680408, 1163.0889213178307, 1075.162002677098, 1163.0889213178307, 1075.162002677098], [1332.7900372445583, 1365.6830024905503, 1332.7900372445583, 1365.6830024905503, 1332.7900372445583, 1365.6830024905503, 1332.7900372445583, 1180.351271852851, 1332.7900372445583, 1180.351271852851], [1335.1830165833235, 1223.5208988189697, 1335.1830165833235, 1223.5208988189697, 1335.1830165833235, 1223.5208988189697, 1335.1830165833235, 1145.8092893939465, 1335.1830165833235, 1145.8092893939465], [1337.5759959220886, 1081.3587951473892, 1337.5759959220886, 1081.3587951473892, 1337.5759959220886, 1081.3587951473892, 1337.5759959220886, 1111.2673069350421, 1337.5759959220886, 1111.2673069350421], [1397.328633442521, 1082.2750801220536, 1397.328633442521, 1082.2750801220536, 1397.328633442521, 1082.2750801220536, 1397.328633442521, 1094.606232456863, 1397.328633442521, 1094.606232456863]], "injector_rates": [[1029.4833018444479, 1074.5214468799531, 1074.5214468799531, 1029.4833018444479, 458.9574501849711], [1037.3318054247648, 822.8812884539366, 822.8812884539366, 1037.3318054247648, 418.64142757840455], [1045.1803090050817, 571.24113002792, 571.24113002792, 1045.1803090050817, 378.325404971838], [906.2471265904605, 875.4493480548263, 875.4493480548263, 906.2471265904605, 591.7978816665709], [767.3139441758394, 1179.6575660817325, 1179.6575660817325, 767.3139441758394, 805.2703583613038], [1075.403135921806, 335.5715397745371, 335.5715397745371, 1075.403135921806, 896.1220046505332]]}