{"producer_bhp": [[986.6455789655447, 1231.9346071220934, 986.6455789655447, 1231.9346071220934, 986.6455789655447, 1231.9346071220934, 986.6455789655447, 1319.7047320194542, 986.6455789655447, 1319.7047320194542], [1112.6695276238024, 1179.9255368299782, 1112.6695276238024, 1179.9255368299782, 1112.6695276238024, 1179.9255368299782, 1112.6695276238024, 1225.2003616653383, 1112.6695276238024, 1225.2003616653383], [1238.6934762820601, 1127.916466537863, 1238.6934762820601, 1127.916466537863, 1238.6934762820601, 1127.916466537863, 1238.6934762820601, 1130.6959913112223, 1238.6934762820601, 1130.6959913112223], [1118.2194457855076, 1221.3413776829839, 1118.2194457855076, 1221.3413776829839, 1118.2194457855076, 1221.3413776829839, 1118.2194457855076, 1213.2424615323544, 1118.2194457855076, 1213.2424615323544], [997.745415288955, 1314.7662888281047, 997.745415288955, 1314.7662888281047, 997.745415288955, 1314.7662888281047, 997.745415288955, 1295.7889317534864, 997.745415288955, 1295.7889317534864], [959.5596167258918, 1367.946554068476, 959.5596167258918, 1367.946554068476, 959.5596167258918, 1367.946554068476, 959.5596167258918, 1366.4366748183966, 959.5596167258918, 1366.4366748183966]], "injector_rates": [[433.5415584035218, 1137.9212119616568, 1137.9212119616568, 433.5415584035218, 764.7927498444915], [380.2245133090764, 852.3790036328137, 852.3790036328137, 380.2245133090764, 760.1602869573981], [326.9074682146311, 566.8367953039706, 566.8367953039706, 326.9074682146311, 755.5278240703046], [713.3955985307693, 489.3826858140528, 489.3826858140528, 713.3955985307693, 897.291301516816], [1099.8837288469076, 411.92857632413507, 411.92857632413507, 1099.8837288469076, 1039.0547789633274], [854.7280185855925, 726.8965294584632, 726.8965294584632, 854.7280185855925, 729.0903844870627]]}