{"producer_bhp": [[1105.7969947345555, 1319.512186665088, 1105.7969947345555, 1319.512186665088, 1105.7969947345555, 1319.512186665088, 1105.7969947345555, 1242.7043380215764, 1105.7969947345555, 1242.7043380215764], [1195.089983381331, 1307.7545239124447, 1195.089983381331, 1307.7545239124447, 1195.089983381331, 1307.7545239124447, 1195.089983381331, 1101.652454212308, 1195.089983381331, 1101.652454212308], [1284.3829720281065, 1295.9968611598015, 1284.3829720281065, 1295.9968611598015, 1284.3829720281065, 1295.9968611598015, 1284.3829720281065, 960.6005704030395, 1284.3829720281065, 960.6005704030395], [1187.8206674940884, 1112.0714280754328, 1187.8206674940884, 1112.0714280754328, 1187.8206674940884, 1112.0714280754328, 1187.8206674940884, 945.8804555237293, 1187.8206674940884, 945.8804555237293], [1091.2583629600704, 928.1459949910641, 1091.2583629600704, 928.1459949910641, 1091.2583629600704, 928.1459949910641, 1091.2583629600704, 931.1603406444192, 1091.2583629600704, 931.1603406444192], [1055.4367765784264, 910.9080784022808, 1055.4367765784264, 910.9080784022808, 1055.4367765784264, 910.9080784022808, 1055.4367765784264, 1211.1606193706393, 1055.4367765784264, 1211.1606193706393]], "injector_rates": [[1048.5214236192405, 703.0825367197394, 703.0825367197394, 1048.5214236192405, 1116.85109725222], [910.3497651871294, 587.8615752328187, 587.8615752328187, 910.3497651871294, 918.7931412365288], [772.1781067550182, 472.640613745898, 472.640613745898, 772.1781067550182, 720.7351852208376], [854.496651655063, 638.5039638262242, 638.5039638262242, 854.496651655063, 809.6585164312273], [936.8151965551078, 804.3673139065504, 804.3673139065504, 936.8151965551078, 898.5818476416171], [747.6471754722297, 1139.7226832807064, 1139.7226832807064, 747.6471754722297, 991.9581726193428]]}