{"producer_bhp": [[1384.658405650407, 1302.763013727963, 1384.658405650407, 1302.763013727963, 1384.658405650407, 1302.763013727963, 1384.658405650407, 1001.3235277496278, 1384.658405650407, 1001.3235277496278], [1236.7478696163744, 1106.0825834050775, 1236.7478696163744, 1106.0825834050775, 1236.7478696163744, 1106.0825834050775, 1236.7478696163744, 1175.0931307673454, 1236.7478696163744, 1175.0931307673454], [1088.8373335823417, 909.402153082192, 1088.8373335823417, 909.402153082192, 1088.8373335823417, 909.402153082192, 1088.8373335823417, 1348.862733785063, 1088.8373335823417, 1348.862733785063], [1002.2008515428752, 960.301435412839, 1002.2008515428752, 960.301435412839, 1002.2008515428752, 960.301435412839, 1002.2008515428752, 1141.8561114463955, 1002.2008515428752, 1141.8561114463955], [915.5643695034087, 1011.2007177434862, 915.5643695034087, 1011.2007177434862, 915.5643695034087, 1011.2007177434862, 915.5643695034087, 934.849489107728, 915.5643695034087, 934.849489107728], [1382.2894711978734, 1378.7318245507777, 1382.2894711978734, 1378.7318245507777, 1382.2894711978734, 1378.7318245507777, 1382.2894711978734, 964.2553162761033, 1382.2894711978734, 964.2553162761033]], "injector_rates": [[1172.8685589507222, 750.2475251443684, 750.2475251443684, 1172.8685589507222, 487.92600156739354], [1082.4044218752533, 699.4353803806007, 699.4353803806007, 1082.4044218752533, 716.9524666853249], [991.9402847997844, 648.623235616833, 648.623235616833, 991.9402847997844, 945.9789318032563], [977.2087697871029, 538.0015044473112, 538.0015044473112, 977.2087697871029, 861.9545832742006], [962.4772547744215, 427.37977327778935, 427.37977327778935, 962.4772547744215, 777.9302347451448], [807.9122789204121, 1159.777308627963, 1159.777308627963, 807.9122789204121, 1142.829281464219]]}