{"producer_bhp": [[1213.6302242055535, 1078.523926064372, 1213.6302242055535, 1078.523926064372, 1213.6302242055535, 1078.523926064372, 1213.6302242055535, 1375.8455608971417, 1213.6302242055535, 1375.8455608971417], [1060.104907816276, 1076.8241506069899, 1060.104907816276, 1076.8241506069899, 1060.104907816276, 1076.8241506069899, 1060.104907816276, 1383.866774244234, 1060.104907816276, 1383.866774244234], [906.5795914269984, 1075.1243751496077, 906.5795914269984, 1075.1243751496077, 906.5795914269984, 1075.1243751496077, 906.5795914269984, 1391.8879875913262, 906.5795914269984, 1391.8879875913262], [964.4344803877175, 1141.6430269367993, 964.4344803877175, 1141.6430269367993, 964.4344803877175, 1141.6430269367993, 964.4344803877175, 1327.5473186280578, 964.4344803877175, 1327.5473186280578], [1022.2893693484366, 1208.161678723991, 1022.2893693484366, 1208.161678723991, 1022.2893693484366, 1208.161678723991, 1022.2893693484366, 1263.2066496647894, 1022.2893693484366, 1263.2066496647894], [1030.5838939733803, 1387.4589713290334, 1030.5838939733803, 1387.4589713290334, 1030.5838939733803, 1387.4589713290334, 1030.5838939733803, 1203.6095602437854, 1030.5838939733803, 1203.6095602437854]], "injector_rates": [[634.6270708367229, 309.9858448840678, 309.9858448840678, 634.6270708367229, 735.9348446130753], [779.5111731626093, 493.1588886771351, 493.1588886771351, 779.5111731626093, 751.3323265593499], [924.3952754884958, 676.3319324702024, 676.3319324702024, 924.3952754884958, 766.7298085056245], [778.5904965363443, 867.9727461654693, 867.9727461654693, 778.5904965363443, 729.6261511277407], [632.7857175841928, 1059.6135598607361, 1059.6135598607361, 632.7857175841928, 692.522493749857], [323.5326315276325, 1034.6007529646158, 1034.6007529646158, 323.5326315276325, 813.377798628062]]}