{"producer_bhp": [[1092.7022668533027, 1153.8696094416082, 1092.7022668533027, 1153.8696094416082, 1092.7022668533027, 1153.8696094416082, 1092.7022668533027, 1393.9498109743, 1092.7022668533027, 1393.9498109743], [1193.8379533588886, 1097.324337437749, 1193.8379533588886, 1097.324337437749, 1193.8379533588886, 1097.324337437749, 1193.8379533588886, 1225.7848925422877, 1193.8379533588886, 1225.7848925422877], [1294.9736398644745, 1040.7790654338896, 1294.9736398644745, 1040.7790654338896, 1294.9736398644745, 1040.7790654338896, 1294.9736398644745, 1057.6199741102755, 1294.9736398644745, 1057.6199741102755], [1193.8926352653652, 1194.4769505411386, 1193.8926352653652, 1194.4769505411386, 1193.8926352653652, 1194.4769505411386, 1193.8926352653652, 998.7324928864837, 1193.8926352653652, 998.7324928864837], [1092.811630666256, 1348.1748356483877, 1092.811630666256, 1348.1748356483877, 1092.811630666256, 1348.1748356483877, 1092.811630666256, 939.8450116626918, 1092.811630666256, 939.8450116626918], [1000.545302964747, 1138.474810961634, 1000.545302964747, 1138.474810961634, 1000.545302964747, 1138.474810961634, 1000.545302964747, 1133.3094393834472, 1000.545302964747, 1133.3094393834472]], "injector_rates": [[826.0524490848184, 408.31221425905824, 408.31221425905824, 826.0524490848184, 942.1461196616292], [729.7427735757083, 443.3875705115497, 443.3875705115497, 729.7427735757083, 623.4068813268095], [633.4330980665982, 478.4629267640412, 478.4629267640412, 633.4330980665982, 304.66764299198985], [908.7288073729724, 457.16389305889606, 457.16389305889606, 908.7288073729724, 418.02537865005434], [1184.0245166793466, 435.86485935375094, 435.86485935375094, 1184.0245166793466, 531.3831143081188], [1163.8147423043847, 938.997207954526, 938.997207954526, 1163.8147423043847, 920.3040710650384]]}