{"producer_bhp": [[1358.2403097301722, 1313.5033171623945, 1358.2403097301722, 1313.5033171623945, 1358.2403097301722, 1313.5033171623945, 1358.2403097301722, 961.1677188426256, 1358.2403097301722, 961.1677188426256], [1332.4243366718292, 1270.546996127814, 1332.4243366718292, 1270.546996127814, 1332.4243366718292, 1270.546996127814, 1332.4243366718292, 994.7100901976228, 1332.4243366718292, 994.7100901976228], [1306.6083636134863, 1227.5906750932336, 1306.6083636134863, 1227.5906750932336, 1306.6083636134863, 1227.5906750932336, 1306.6083636134863, 1028.25246155262, 1306.6083636134863, 1028.25246155262], [1254.7983213793486, 1253.3964867237955, 1254.7983213793486, 1253.3964867237955, 1254.7983213793486, 1253.3964867237955, 1254.7983213793486, 1125.1515162643045, 1254.7983213793486, 1125.1515162643045], [1202.988279145211, 1279.2022983543575, 1202.988279145211, 1279.2022983543575, 1202.988279145211, 1279.2022983543575, 1202.988279145211, 1222.050570975989, 1202.988279145211, 1222.050570975989], [1145.4336052760482, 1391.4336209185421, 1145.4336052760482, 1391.4336209185421, 1145.4336052760482, 1391.4336209185421, 1145.4336052760482, 1245.1414285227656, 1145.4336052760482, 1245.1414285227656]], "injector_rates": [[906.3597022555768, 890.1593861170113, 890.1593861170113, 906.3597022555768, 333.4841567091644], [823.095399979502, 970.9198265802115, 970.9198265802115, 823.095399979502, 363.9724594540894], [739.8310977034271, 1051.6802670434117, 1051.6802670434117, 739.8310977034271, 394.4607621990144], [693.1506272871047, 914.7421041503549, 914.7421041503549, 693.1506272871047, 687.8416484221816], [646.4701568707824, 777.803941257298, 777.803941257298, 646.4701568707824, 981.2225346453488], [999.2996561340988, 838.6695452034473, 838.6695452034473, 999.2996561340988, 600.9628180414438]]}