{"producer_bhp": [[931.2465112656355, 1103.1847136095166, 931.2465112656355, 1103.1847136095166, 931.2465112656355, 1103.1847136095166, 931.2465112656355, 957.4962859973311, 931.2465112656355, 957.4962859973311], [986.6934780497104, 1113.19675212726, 986.6934780497104, 1113.19675212726, 986.6934780497104, 1113.19675212726, 986.6934780497104, 1016.30086787045, 986.6934780497104, 1016.30086787045], [1042.1404448337853, 1123.2087906450033, 1042.1404448337853, 1123.2087906450033, 1042.1404448337853, 1123.2087906450033, 1042.1404448337853, 1075.105449743569, 1042.1404448337853, 1075.105449743569], [1096.2589619215578, 1056.3759450800717, 1096.2589619215578, 1056.3759450800717, 1096.2589619215578, 1056.3759450800717, 1096.2589619215578, 1073.1463447213173, 1096.2589619215578, 1073.1463447213173], [1150.3774790093303, 989.54309951514, 1150.3774790093303, 989.54309951514, 1150.3774790093303, 989.54309951514, 1150.3774790093303, 1071.1872396990657, 1150.3774790093303, 1071.1872396990657], [969.9837780557573, 925.5807870998979, 969.9837780557573, 925.5807870998979, 969.9837780557573, 925.5807870998979, 969.9837780557573, 1218.0778585374355, 969.9837780557573, 1218.0778585374355]], "injector_rates": [[391.87669940292835, 1191.2963583134115, 1191.2963583134115, 391.87669940292835, 666.8657756410539], [720.0208790134639, 762.2082562185824, 762.2082562185824, 720.0208790134639, 921.9463436398655], [1048.1650586239994, 333.1201541237533, 333.1201541237533, 1048.1650586239994, 1177.0269116386771], [1055.6367487180978, 403.8918462116271, 403.8918462116271, 1055.6367487180978, 865.0582528207451], [1063.1084388121963, 474.66353829950094, 474.66353829950094, 1063.1084388121963, 553.0895940028131], [1087.1153192594647, 779.0732556022704, 779.0732556022704, 1087.1153192594647, 985.2480316534638]]}