{"producer_bhp": [[934.6695478074253, 1372.9303801432252, 934.6695478074253, 1372.9303801432252, 934.6695478074253, 1372.9303801432252, 934.6695478074253, 1059.355518873781, 934.6695478074253, 1059.355518873781], [966.5784813463688, 1147.816899092868, 966.5784813463688, 1147.816899092868, 966.5784813463688, 1147.816899092868, 966.5784813463688, 1189.7749827243388, 966.5784813463688, 1189.7749827243388], [998.4874148853123, 922.7034180425107, 998.4874148853123, 922.7034180425107, 998.4874148853123, 922.7034180425107, 998.4874148853123, 1320.1944465748966, 998.4874148853123, 1320.1944465748966], [1004.6051331795752, 1124.4966754224151, 1004.6051331795752, 1124.4966754224151, 1004.6051331795752, 1124.4966754224151, 1004.6051331795752, 1262.7887873444706, 1004.6051331795752, 1262.7887873444706], [1010.7228514738381, 1326.2899328023195, 1010.7228514738381, 1326.2899328023195, 1010.7228514738381, 1326.2899328023195, 1010.7228514738381, 1205.3831281140447, 1010.7228514738381, 1205.3831281140447], [975.8446413092315, 1074.4848783127964, 975.8446413092315, 1074.4848783127964, 975.8446413092315, 1074.4848783127964, 975.8446413092315, 1348.704760055989, 975.8446413092315, 1348.704760055989]], "injector_rates": [[886.4796359091997, 1037.1057400479913, 1037.1057400479913, 886.4796359091997, 1100.6617102771997], [1022.5684613920748, 889.086256083101, 889.086256083101, 1022.5684613920748, 1002.4662377312779], [1158.65728687495, 741.0667721182108, 741.0667721182108, 1158.65728687495, 904.2707651853561], [747.0767349936068, 845.3175129834563, 845.3175129834563, 747.0767349936068, 845.2760003507137], [335.4961831122637, 949.5682538487017, 949.5682538487017, 335.4961831122637, 786.2812355160713], [1125.9641689248383, 556.6045803017914, 556.6045803017914, 1125.9641689248383, 1038.5466101579368]]}