{"producer_bhp": [[1143.3348018676043, 954.4361895881593, 1143.3348018676043, 954.4361895881593, 1143.3348018676043, 954.4361895881593, 1143.3348018676043, 1243.7638743780553, 1143.3348018676043, 1243.7638743780553], [1194.1057321149856, 975.8157570380718, 1194.1057321149856, 975.8157570380718, 1194.1057321149856, 975.8157570380718, 1194.1057321149856, 1288.8896133285016, 1194.1057321149856, 1288.8896133285016], [1244.876662362367, 997.1953244879842, 1244.876662362367, 997.1953244879842, 1244.876662362367, 997.1953244879842, 1244.876662362367, 1334.0153522789478, 1244.876662362367, 1334.0153522789478], [1285.5498023331165, 967.0802171807736, 1285.5498023331165, 967.0802171807736, 1285.5498023331165, 967.0802171807736, 1285.5498023331165, 1335.362486867234, 1285.5498023331165, 1335.362486867234], [1326.2229423038661, 936.965109873563, 1326.2229423038661, 936.965109873563, 1326.2229423038661, 936.965109873563, 1326.2229423038661, 1336.7096214555204, 1326.2229423038661, 1336.7096214555204], [1006.4099883660674, 990.5124805867672, 1006.4099883660674, 990.5124805867672, 1006.4099883660674, 990.5124805867672, 1006.4099883660674, 993.9020221121609, 1006.4099883660674, 993.9020221121609]], "injector_rates": [[445.26143465191126, 478.90294902026653, 478.90294902026653, 445.26143465191126, 515.3813243843615], [594.3755616433918, 514.0191326849163, 514.0191326849163, 594.3755616433918, 554.944425355643], [743.4896886348724, 549.135316349566, 549.135316349566, 743.4896886348724, 594.5075263269246], [592.7418407052755, 733.6122418753803, 733.6122418753803, 592.7418407052755, 694.2010285332799], [441.99399277567863, 918.0891674011946, 918.0891674011946, 441.99399277567863, 793.8945307396352], [977.2803579457104, 713.006517291069, 713.006517291069, 977.2803579457104, 864.3714560195804]]}