{"producer_bhp": [[1280.4539078846574, 1035.6453229673207, 1280.4539078846574, 1035.6453229673207, 1280.4539078846574, 1035.6453229673207, 1280.4539078846574, 1164.3032963387668, 1280.4539078846574, 1164.3032963387668], [1148.291504336521, 1002.5698592420667, 1148.291504336521, 1002.5698592420667, 1148.291504336521, 1002.5698592420667, 1148.291504336521, 1065.0055579375476, 1148.291504336521, 1065.0055579375476], [1016.1291007883847, 969.4943955168128, 1016.1291007883847, 969.4943955168128, 1016.1291007883847, 969.4943955168128, 1016.1291007883847, 965.7078195363283, 1016.1291007883847, 965.7078195363283], [999.3824172765017, 1138.5910253506154, 999.3824172765017, 1138.5910253506154, 999.3824172765017, 1138.5910253506154, 999.3824172765017, 966.4857502561063, 999.3824172765017, 966.4857502561063], [982.6357337646186, 1307.687655184418, 982.6357337646186, 1307.687655184418, 982.6357337646186, 1307.687655184418, 982.6357337646186, 967.2636809758842, 982.6357337646186, 967.2636809758842], [1018.9941614866257, 1100.4360160790384, 1018.9941614866257, 1100.4360160790384, 1018.9941614866257, 1100.4360160790384, 1018.9941614866257, 940.2342276647687, 1018.9941614866257, 940.2342276647687]], "injector_rates": [[1041.5756522677839, 1060.79220212996, 1060.79220212996, 1041.5756522677839, 957.7467366121709], [879.8184737563133, 941.6127246804535, 941.6127246804535, 879.8184737563133, 665.3835911303759], [718.0612952448428, 822.433247230947, 822.433247230947, 718.0612952448428, 373.0204456485808], [548.2584427110851, 561.6828996688128, 561.6828996688128, 548.2584427110851, 673.2656328007579], [378.4555901773274, 300.9325521066785, 300.9325521066785, 378.4555901773274, 973.510819952935], [349.67522928491235, 479.42019207403064, 479.42019207403064, 349.67522928491235, 840.9645706415176]]}