{"producer_bhp": [[1046.4651976712048, 945.4009687528014, 1046.4651976712048, 945.4009687528014, 1046.4651976712048, 945.4009687528014, 1046.4651976712048, 1097.062483523041, 1046.4651976712048, 1097.062483523041], [1005.8339935261756, 1122.1367077436298, 1005.8339935261756, 1122.1367077436298, 1005.8339935261756, 1122.1367077436298, 1005.8339935261756, 1046.129762288183, 1005.8339935261756, 1046.129762288183], [965.2027893811464, 1298.8724467344582, 965.2027893811464, 1298.8724467344582, 965.2027893811464, 1298.8724467344582, 965.2027893811464, 995.1970410533249, 965.2027893811464, 995.1970410533249], [1139.4735040143132, 1341.5533603169024, 1139.4735040143132, 1341.5533603169024, 1139.4735040143132, 1341.5533603169024, 1139.4735040143132, 1091.1121681332588, 1139.4735040143132, 1091.1121681332588], [1313.74421864748, 1384.2342738993466, 1313.74421864748, 1384.2342738993466, 1313.74421864748, 1384.2342738993466, 1313.74421864748, 1187.0272952131927, 1313.74421864748, 1187.0272952131927], [1123.1376226991415, 1351.3846184127033, 1123.1376226991415, 1351.3846184127033, 1123.1376226991415, 1351.3846184127033, 1123.1376226991415, 1312.808463908732, 1123.1376226991415, 1312.808463908732]], "injector_rates": [[1126.9387939944863, 642.6380798220634, 642.6380798220634, 1126.9387939944863, 314.8073745891452], [863.1449744571, 674.5009933132678, 674.5009933132678, 863.1449744571, 334.2695733066648], [599.3511549197137, 706.3639068044722, 706.3639068044722, 599.3511549197137, 353.73177202418447], [702.206052839756, 786.2865278497338, 786.2865278497338, 702.206052839756, 438.5307056363672], [805.0609507597983, 866.2091488949955, 866.2091488949955, 805.0609507597983, 523.3296392485499], [516.174828261137, 412.30911975726485, 412.30911975726485, 516.174828261137, 736.6730111651123]]}