{"producer_bhp": [[1336.4713784307241, 1242.0094563625753, 1336.4713784307241, 1242.0094563625753, 1336.4713784307241, 1242.0094563625753, 1336.4713784307241, 1022.1089540049434, 1336.4713784307241, 1022.1089540049434], [1166.2113856058568, 1259.1001741588116, 1166.2113856058568, 1259.1001741588116, 1166.2113856058568, 1259.1001741588116, 1166.2113856058568, 1045.738338585943, 1166.2113856058568, 1045.738338585943], [995.9513927809894, 1276.1908919550478, 995.9513927809894, 1276.1908919550478, 995.9513927809894, 1276.1908919550478, 995.9513927809894, 1069.3677231669426, 995.9513927809894, 1069.3677231669426], [1011.256554722786, 1259.609548933804, 1011.256554722786, 1259.609548933804, 1011.256554722786, 1259.609548933804, 1011.256554722786, 1061.8378998246044, 1011.256554722786, 1061.8378998246044], [1026.5617166645825, 1243.0282059125602, 1026.5617166645825, 1243.0282059125602, 1026.5617166645825, 1243.0282059125602, 1026.5617166645825, 1054.3080764822662, 1026.5617166645825, 1054.3080764822662], [1324.2133344523609, 1150.159636605531, 1324.2133344523609, 1150.159636605531, 1324.2133344523609, 1150.159636605531, 1324.2133344523609, 1334.6735547296703, 1324.2133344523609, 1334.6735547296703]], "injector_rates": [[766.2172970362008, 997.2205786965787, 997.2205786965787, 766.2172970362008, 841.1911929957569], [762.1287241112441, 1053.381221741438, 1053.381221741438, 762.1287241112441, 938.9007569756359], [758.0401511862874, 1109.541864786297, 1109.541864786297, 758.0401511862874, 1036.610320955515], [814.1077965963632, 895.9999859333038, 895.9999859333038, 814.1077965963632, 752.240455057472], [870.175442006439, 682.4581070803106, 682.4581070803106, 870.175442006439, 467.8705891594291], [730.5411972105503, 752.6781094260514, 752.6781094260514, 730.5411972105503, 618.9823558554053]]}