{"producer_bhp": [[1307.1161183528602, 1073.7293335609138, 1307.1161183528602, 1073.7293335609138, 1307.1161183528602, 1073.7293335609138, 1307.1161183528602, 1235.7167094945908, 1307.1161183528602, 1235.7167094945908], [1240.2347252704203, 1112.831336306408, 1240.2347252704203, 1112.831336306408, 1240.2347252704203, 1112.831336306408, 1240.2347252704203, 1198.5934542957693, 1240.2347252704203, 1198.5934542957693], [1173.3533321879804, 1151.9333390519023, 1173.3533321879804, 1151.9333390519023, 1173.3533321879804, 1151.9333390519023, 1173.3533321879804, 1161.470199096948, 1173.3533321879804, 1161.470199096948], [1214.984930679202, 1067.43217385374, 1214.984930679202, 1067.43217385374, 1214.984930679202, 1067.43217385374, 1214.984930679202, 1178.4569815266877, 1214.984930679202, 1178.4569815266877], [1256.6165291704237, 982.9310086555779, 1256.6165291704237, 982.9310086555779, 1256.6165291704237, 982.9310086555779, 1256.6165291704237, 1195.4437639564276, 1256.6165291704237, 1195.4437639564276], [1258.7270374409854, 1103.360881190747, 1258.7270374409854, 1103.360881190747, 1258.7270374409854, 1103.360881190747, 1258.7270374409854, 1159.352880064398, 1258.7270374409854, 1159.352880064398]], "injector_rates": [[774.1489620879292, 1198.8351132720709, 1198.8351132720709, 774.1489620879292, 777.7645454742014], [901.1631993111223, 810.0361899007112, 810.0361899007112, 901.1631993111223, 865.2140887454152], [1028.1774365343153, 421.2372665293515, 421.2372665293515, 1028.1774365343153, 952.663632016629], [1016.8444509152323, 648.1373869813979, 648.1373869813979, 1016.8444509152323, 1065.1756110135466], [1005.5114652961493, 875.0375074334443, 875.0375074334443, 1005.5114652961493, 1177.6875900104642], [611.8093812838197, 633.0960466526449, 633.0960466526449, 611.8093812838197, 426.45711600780487]]}