{"producer_bhp": [[1263.9285396784544, 1090.6351642683148, 1263.9285396784544, 1090.6351642683148, 1263.9285396784544, 1090.6351642683148, 1263.9285396784544, 1137.695469520986, 1263.9285396784544, 1137.695469520986], [1282.9699528869241, 1216.795410355553, 1282.9699528869241, 1216.795410355553, 1282.9699528869241, 1216.795410355553, 1282.9699528869241, 1246.8780114781111, 1282.9699528869241, 1246.8780114781111], [1302.011366095394, 1342.9556564427912, 1302.011366095394, 1342.9556564427912, 1302.011366095394, 1342.9556564427912, 1302.011366095394, 1356.0605534352362, 1302.011366095394, 1356.0605534352362], [1213.3830400183797, 1125.96352128312, 1213.3830400183797, 1125.96352128312, 1213.3830400183797, 1125.96352128312, 1213.3830400183797, 1301.7341928556561, 1213.3830400183797, 1301.7341928556561], [1124.7547139413655, 908.9713861234486, 1124.7547139413655, 908.9713861234486, 1124.7547139413655, 908.9713861234486, 1124.7547139413655, 1247.407832276076, 1124.7547139413655, 1247.407832276076], [1067.3335614614189, 1013.9842923730612, 1067.3335614614189, 1013.9842923730612, 1067.3335614614189, 1013.9842923730612, 1067.3335614614189, 1115.7384208403528, 1067.3335614614189, 1115.7384208403528]], "injector_rates": [[865.4170833528042, 733.8882587850094, 733.8882587850094, 865.4170833528042, 922.0531839877367], [590.7920084428042, 898.3114235568792, 898.3114235568792, 590.7920084428042, 963.5334462393075], [316.16693353280425, 1062.734588328749, 1062.734588328749, 316.16693353280425, 1005.0137084908783], [605.890240939334, 779.7025982290506, 779.7025982290506, 605.890240939334, 932.884882343933], [895.6135483458638, 496.67060812935233, 496.67060812935233, 895.6135483458638, 860.7560561969876], [846.7544331215322, 824.47570245713, 824.47570245713, 846.7544331215322, 803.1514811329544]]}