{"producer_bhp": [[1165.1990870945156, 1013.8483830727637, 1165.1990870945156, 1013.8483830727637, 1165.1990870945156, 1013.8483830727637, 1165.1990870945156, 1397.617555782199, 1165.1990870945156, 1397.617555782199], [1113.4774054866284, 1111.1206129193306, 1113.4774054866284, 1111.1206129193306, 1113.4774054866284, 1111.1206129193306, 1113.4774054866284, 1219.8487802874297, 1113.4774054866284, 1219.8487802874297], [1061.7557238787413, 1208.3928427658975, 1061.7557238787413, 1208.3928427658975, 1061.7557238787413, 1208.3928427658975, 1061.7557238787413, 1042.0800047926605, 1061.7557238787413, 1042.0800047926605], [1099.6829316485673, 1064.486424298957, 1099.6829316485673, 1064.486424298957, 1099.6829316485673, 1064.486424298957, 1099.6829316485673, 1196.7500046361238, 1099.6829316485673, 1196.7500046361238], [1137.6101394183934, 920.5800058320165, 1137.6101394183934, 920.5800058320165, 1137.6101394183934, 920.5800058320165, 1137.6101394183934, 1351.420004479587, 1137.6101394183934, 1351.420004479587], [1112.9458296112716, 1174.6315626427531, 1112.9458296112716, 1174.6315626427531, 1112.9458296112716, 1174.6315626427531, 1112.9458296112716, 1097.457693517208, 1112.9458296112716, 1097.457693517208]], "injector_rates": [[426.48684242740273, 541.1386395804584, 541.1386395804584, 426.48684242740273, 1057.5589885935187], [797.4499597214162, 839.6382379811257, 839.6382379811257, 797.4499597214162, 1077.7662802487612], [1168.4130770154297, 1138.137836381793, 1138.137836381793, 1168.4130770154297, 1097.9735719040036], [848.3974273782223, 973.7552819307894, 973.7552819307894, 848.3974273782223, 1050.3894908353686], [528.381777741015, 809.3727274797857, 809.3727274797857, 528.381777741015, 1002.8054097667336], [1132.318990956992, 879.1983445174992, 879.1983445174992, 1132.318990956992, 437.1148073114455]]}