{"producer_bhp": [[1133.1659579649568, 1050.256656575948, 1133.1659579649568, 1050.256656575948, 1133.1659579649568, 1050.256656575948, 1133.1659579649568, 1344.4722454063594, 1133.1659579649568, 1344.4722454063594], [1202.524808095768, 1150.0235810875893, 1202.524808095768, 1150.0235810875893, 1202.524808095768, 1150.0235810875893, 1202.524808095768, 1264.3406839109957, 1202.524808095768, 1264.3406839109957], [1271.8836582265794, 1249.7905055992305, 1271.8836582265794, 1249.7905055992305, 1271.8836582265794, 1249.7905055992305, 1271.8836582265794, 1184.209122415632, 1271.8836582265794, 1184.209122415632], [1298.2728521805257, 1318.9867286477238, 1298.2728521805257, 1318.9867286477238, 1298.2728521805257, 1318.9867286477238, 1298.2728521805257, 1233.5519453976303, 1298.2728521805257, 1233.5519453976303], [1324.662046134472, 1388.182951696217, 1324.662046134472, 1388.182951696217, 1324.662046134472, 1388.182951696217, 1324.662046134472, 1282.8947683796287, 1324.662046134472, 1282.8947683796287], [1045.66501788795, 1059.876058343798, 1045.66501788795, 1059.876058343798, 1045.66501788795, 1059.876058343798, 1045.66501788795, 1322.3006186075509, 1045.66501788795, 1322.3006186075509]], "injector_rates": [[665.9794631414115, 632.3886576108634, 632.3886576108634, 665.9794631414115, 650.6489228457212], [776.0826922953129, 587.5207997392863, 587.5207997392863, 776.0826922953129, 540.7721123658121], [886.1859214492142, 542.6529418677092, 542.6529418677092, 886.1859214492142, 430.8953018859029], [772.749765124172, 432.06843766383827, 432.06843766383827, 772.749765124172, 548.1496129184961], [659.3136087991297, 321.4839334599674, 321.4839334599674, 659.3136087991297, 665.4039239510894], [561.1407916992903, 463.0758237093687, 463.0758237093687, 561.1407916992903, 1045.912712160498]]}