{"producer_bhp": [[1051.4775757677853, 1289.9824963882565, 1051.4775757677853, 1289.9824963882565, 1051.4775757677853, 1289.9824963882565, 1051.4775757677853, 1070.194213744253, 1051.4775757677853, 1070.194213744253], [1200.0945982057601, 1239.8396347183734, 1200.0945982057601, 1239.8396347183734, 1200.0945982057601, 1239.8396347183734, 1200.0945982057601, 1069.047047616914, 1200.0945982057601, 1069.047047616914], [1348.711620643735, 1189.6967730484903, 1348.711620643735, 1189.6967730484903, 1348.711620643735, 1189.6967730484903, 1348.711620643735, 1067.899881489575, 1348.711620643735, 1067.899881489575], [1363.4705013595521, 1062.0612384285778, 1363.4705013595521, 1062.0612384285778, 1363.4705013595521, 1062.0612384285778, 1363.4705013595521, 1225.8222544100136, 1363.4705013595521, 1225.8222544100136], [1378.2293820753694, 934.4257038086653, 1378.2293820753694, 934.4257038086653, 1378.2293820753694, 934.4257038086653, 1378.2293820753694, 1383.7446273304522, 1378.2293820753694, 1383.7446273304522], [1151.151627395302, 1279.5823021791875, 1151.151627395302, 1279.5823021791875, 1151.151627395302, 1279.5823021791875, 1151.151627395302, 1361.489182896912, 1151.151627395302, 1361.489182896912]], "injector_rates": [[534.6466703340411, 324.5952682569623, 324.5952682569623, 534.6466703340411, 1136.2589640542865], [453.40675064362586, 626.4441511128098, 626.4441511128098, 453.40675064362586, 954.1187765076756], [372.1668309532106, 928.2930339686573, 928.2930339686573, 372.1668309532106, 771.9785889610648], [694.8179827071726, 674.5988562237471, 674.5988562237471, 694.8179827071726, 703.9545911829919], [1017.4691344611347, 420.904678478837, 420.904678478837, 1017.4691344611347, 635.9305934049189], [1045.7454864867032, 1122.2885618917644, 1122.2885618917644, 1045.7454864867032, 870.5281105823815]]}