{"producer_bhp": [[1148.2464578934014, 1110.1107318885624, 1148.2464578934014, 1110.1107318885624, 1148.2464578934014, 1110.1107318885624, 1148.2464578934014, 1035.1408730261028, 1148.2464578934014, 1035.1408730261028], [1212.0359368622303, 1172.1577452030033, 1212.0359368622303, 1172.1577452030033, 1212.0359368622303, 1172.1577452030033, 1212.0359368622303, 1006.2694955617189, 1212.0359368622303, 1006.2694955617189], [1275.8254158310592, 1234.2047585174441, 1275.8254158310592, 1234.2047585174441, 1275.8254158310592, 1234.2047585174441, 1275.8254158310592, 977.3981180973351, 1275.8254158310592, 977.3981180973351], [1095.9530964959413, 1217.8979454096407, 1095.9530964959413, 1217.8979454096407, 1095.9530964959413, 1217.8979454096407, 1095.9530964959413, 1056.9528561085463, 1095.9530964959413, 1056.9528561085463], [916.0807771608233, 1201.5911323018372, 916.0807771608233, 1201.5911323018372, 916.0807771608233, 1201.5911323018372, 916.0807771608233, 1136.5075941197574, 916.0807771608233, 1136.5075941197574], [1319.2208186723292, 1205.8032686822116, 1319.2208186723292, 1205.8032686822116, 1319.2208186723292, 1205.8032686822116, 1319.2208186723292, 1269.8752275668085, 1319.2208186723292, 1269.8752275668085]], "injector_rates": [[988.4438820183277, 303.43585778027773, 303.43585778027773, 988.4438820183277, 821.196105144918], [943.8527799211442, 414.41109236329794, 414.41109236329794, 943.8527799211442, 905.2434381097555], [899.2616778239608, 525.3863269463181, 525.3863269463181, 899.2616778239608, 989.2907710745931], [738.571351300925, 543.0954962968826, 543.0954962968826, 738.571351300925, 1013.7633949052542], [577.8810247778893, 560.8046656474471, 560.8046656474471, 577.8810247778893, 1038.2360187359154], [756.6347750835121, 321.22603822499514, 321.22603822499514, 756.6347750835121, 704.5909197069705]]}