{"producer_bhp": [[941.4998987689614, 1062.065563723445, 941.4998987689614, 1062.065563723445, 941.4998987689614, 1062.065563723445, 941.4998987689614, 1195.6626643426716, 941.4998987689614, 1195.6626643426716], [1051.9017538521439, 1177.4844414088875, 1051.9017538521439, 1177.4844414088875, 1051.9017538521439, 1177.4844414088875, 1051.9017538521439, 1122.0465238206089, 1051.9017538521439, 1122.0465238206089], [1162.3036089353263, 1292.90331909433, 1162.3036089353263, 1292.90331909433, 1162.3036089353263, 1292.90331909433, 1162.3036089353263, 1048.430383298546, 1162.3036089353263, 1048.430383298546], [1232.074778387323, 1272.7523642592132, 1232.074778387323, 1272.7523642592132, 1232.074778387323, 1272.7523642592132, 1232.074778387323, 1067.5248651299626, 1232.074778387323, 1067.5248651299626], [1301.8459478393197, 1252.6014094240963, 1301.8459478393197, 1252.6014094240963, 1301.8459478393197, 1252.6014094240963, 1301.8459478393197, 1086.619346961379, 1301.8459478393197, 1086.619346961379], [1002.8114282526076, 1303.937878087163, 1002.8114282526076, 1303.937878087163, 1002.8114282526076, 1303.937878087163, 1002.8114282526076, 1071.6073625721037, 1002.8114282526076, 1071.6073625721037]], "injector_rates": [[1108.0568270757794, 764.8844679817557, 764.8844679817557, 1108.0568270757794, 874.2150801233947], [875.9479631669819, 860.4165455326438, 860.4165455326438, 875.9479631669819, 905.6875779759139], [643.8390992581844, 955.9486230835319, 955.9486230835319, 643.8390992581844, 937.160075828433], [554.1808205656707, 1018.7502396292984, 1018.7502396292984, 554.1808205656707, 941.7631794232875], [464.522541873157, 1081.551856175065, 1081.551856175065, 464.522541873157, 946.366283018142], [534.9849170073867, 1022.8157359175384, 1022.8157359175384, 534.9849170073867, 1087.3269187286496]]}