{"producer_bhp": [[1246.9481812790036, 1006.77769780159, 1246.9481812790036, 1006.77769780159, 1246.9481812790036, 1006.77769780159, 1246.9481812790036, 982.2998369112611, 1246.9481812790036, 982.2998369112611], [1264.0269718598574, 1047.2580153495073, 1264.0269718598574, 1047.2580153495073, 1264.0269718598574, 1047.2580153495073, 1264.0269718598574, 1103.4590560942888, 1264.0269718598574, 1103.4590560942888], [1281.1057624407113, 1087.7383328974247, 1281.1057624407113, 1087.7383328974247, 1281.1057624407113, 1087.7383328974247, 1281.1057624407113, 1224.6182752773166, 1281.1057624407113, 1224.6182752773166], [1200.2011941280216, 1227.7937811799347, 1200.2011941280216, 1227.7937811799347, 1200.2011941280216, 1227.7937811799347, 1200.2011941280216, 1228.6218214780092, 1200.2011941280216, 1228.6218214780092], [1119.296625815332, 1367.8492294624448, 1119.296625815332, 1367.8492294624448, 1119.296625815332, 1367.8492294624448, 1119.296625815332, 1232.6253676787019, 1119.296625815332, 1232.6253676787019], [980.5929549969733, 1036.3584552891552, 980.5929549969733, 1036.3584552891552, 980.5929549969733, 1036.3584552891552, 980.5929549969733, 1162.339600827545, 980.5929549969733, 1162.339600827545]], "injector_rates": [[1093.1609974242747, 380.89169478043914, 380.89169478043914, 1093.1609974242747, 1136.916617397219], [1083.2997826393694, 725.7134984247386, 725.7134984247386, 1083.2997826393694, 1053.2626727130264], [1073.438567854464, 1070.5353020690382, 1070.5353020690382, 1073.438567854464, 969.6087280288339], [1093.1895407382399, 963.2394920568913, 963.2394920568913, 1093.1895407382399, 838.8387443963438], [1112.9405136220157, 855.9436820447445, 855.9436820447445, 1112.9405136220157, 708.0687607638538], [361.1498912796378, 1024.984441883862, 1024.984441883862, 361.1498912796378, 1185.0267190486193]]}