{"producer_bhp": [[1277.4915705434978, 1004.0029800496995, 1277.4915705434978, 1004.0029800496995, 1277.4915705434978, 1004.0029800496995, 1277.4915705434978, 1123.4057276509702, 1277.4915705434978, 1123.4057276509702], [1162.5176622532308, 1132.9543337691575, 1162.5176622532308, 1132.9543337691575, 1162.5176622532308, 1132.9543337691575, 1162.5176622532308, 1222.8370565921068, 1162.5176622532308, 1222.8370565921068], [1047.5437539629638, 1261.9056874886155, 1047.5437539629638, 1261.9056874886155, 1047.5437539629638, 1261.9056874886155, 1047.5437539629638, 1322.2683855332434, 1047.5437539629638, 1322.2683855332434], [1216.254583420232, 1167.1168388333172, 1216.254583420232, 1167.1168388333172, 1216.254583420232, 1167.1168388333172, 1216.254583420232, 1241.015100479126, 1216.254583420232, 1241.015100479126], [1384.9654128775, 1072.3279901780188, 1384.9654128775, 1072.3279901780188, 1384.9654128775, 1072.3279901780188, 1384.9654128775, 1159.7618154250085, 1384.9654128775, 1159.7618154250085], [1330.0808697007596, 1314.749762043357, 1330.0808697007596, 1314.749762043357, 1330.0808697007596, 1314.749762043357, 1330.0808697007596, 1200.6148487329483, 1330.0808697007596, 1200.6148487329483]], "injector_rates": [[498.36573572829366, 1124.3910575285554, 1124.3910575285554, 498.36573572829366, 363.56141343712807], [685.2343233302236, 969.4624722003937, 969.4624722003937, 685.2343233302236, 562.1696594171226], [872.1029109321535, 814.533886872232, 814.533886872232, 872.1029109321535, 760.7779053971171], [785.082202591002, 960.9269111417234, 960.9269111417234, 785.082202591002, 927.788209123537], [698.0614942498505, 1107.3199354112148, 1107.3199354112148, 698.0614942498505, 1094.7985128499568], [579.1085637174547, 526.6951167024672, 526.6951167024672, 579.1085637174547, 561.076012160629]]}