{"producer_bhp": [[1376.217384915799, 1198.8856881856918, 1376.217384915799, 1198.8856881856918, 1376.217384915799, 1198.8856881856918, 1376.217384915799, 1088.359301071614, 1376.217384915799, 1088.359301071614], [1245.879330066964, 1180.319202458486, 1245.879330066964, 1180.319202458486, 1245.879330066964, 1180.319202458486, 1245.879330066964, 1160.5836458969861, 1245.879330066964, 1160.5836458969861], [1115.5412752181292, 1161.75271673128, 1115.5412752181292, 1161.75271673128, 1115.5412752181292, 1161.75271673128, 1115.5412752181292, 1232.8079907223582, 1115.5412752181292, 1232.8079907223582], [1012.3354728333652, 1237.8514309879392, 1012.3354728333652, 1237.8514309879392, 1012.3354728333652, 1237.8514309879392, 1012.3354728333652, 1076.4343527611345, 1012.3354728333652, 1076.4343527611345], [909.1296704486012, 1313.9501452445984, 909.1296704486012, 1313.9501452445984, 909.1296704486012, 1313.9501452445984, 909.1296704486012, 920.0607147999108, 909.1296704486012, 920.0607147999108], [1169.5417716167867, 1170.6353291869164, 1169.5417716167867, 1170.6353291869164, 1169.5417716167867, 1170.6353291869164, 1169.5417716167867, 1292.1067346818745, 1169.5417716167867, 1292.1067346818745]], "injector_rates": [[950.3912444226444, 1131.3712382689118, 1131.3712382689118, 950.3912444226444, 678.0767664313316], [674.913138197735, 886.0968851018697, 886.0968851018697, 674.913138197735, 828.7365985102952], [399.4350319728255, 640.8225319348276, 640.8225319348276, 399.4350319728255, 979.3964305892587], [775.3818294033408, 719.8561586905271, 719.8561586905271, 775.3818294033408, 830.2181723993272], [1151.328626833856, 798.8897854462266, 798.8897854462266, 1151.328626833856, 681.0399142093956], [393.5034633614123, 917.3211604356766, 917.3211604356766, 393.5034633614123, 845.347926300019]]}