{"producer_bhp": [[1234.7454760223627, 924.093727581203, 1234.7454760223627, 924.093727581203, 1234.7454760223627, 924.093727581203, 1234.7454760223627, 1212.8818185068667, 1234.7454760223627, 1212.8818185068667], [1080.717534152791, 1126.393967634067, 1080.717534152791, 1126.393967634067, 1080.717534152791, 1126.393967634067, 1080.717534152791, 1232.634727936238, 1080.717534152791, 1232.634727936238], [926.6895922832191, 1328.694207686931, 926.6895922832191, 1328.694207686931, 926.6895922832191, 1328.694207686931, 926.6895922832191, 1252.3876373656094, 926.6895922832191, 1252.3876373656094], [973.678512359038, 1230.4105340503156, 973.678512359038, 1230.4105340503156, 973.678512359038, 1230.4105340503156, 973.678512359038, 1234.7806765232235, 973.678512359038, 1234.7806765232235], [1020.6674324348569, 1132.1268604137003, 1020.6674324348569, 1132.1268604137003, 1020.6674324348569, 1132.1268604137003, 1020.6674324348569, 1217.1737156808376, 1020.6674324348569, 1217.1737156808376], [1021.4914373122156, 1161.9083034805954, 1021.4914373122156, 1161.9083034805954, 1021.4914373122156, 1161.9083034805954, 1021.4914373122156, 1125.2698605880141, 1021.4914373122156, 1125.2698605880141]], "injector_rates": [[406.8780086003244, 689.3516449257731, 689.3516449257731, 406.8780086003244, 430.0936725921929], [538.0246862769127, 678.9418626576662, 678.9418626576662, 538.0246862769127, 790.8552756998688], [669.171363953501, 668.5320803895593, 668.5320803895593, 669.171363953501, 1151.6168788075447], [514.4647305831313, 684.2367293313146, 684.2367293313146, 514.4647305831313, 958.2050636876374], [359.75809721276164, 699.9413782730699, 699.9413782730699, 359.75809721276164, 764.7932485677302], [793.2881595566869, 791.9004298746586, 791.9004298746586, 793.2881595566869, 1110.8591135591269]]}