{"producer_bhp": [[1022.8605476208031, 1252.4405336938798, 1022.8605476208031, 1252.4405336938798, 1022.8605476208031, 1252.4405336938798, 1022.8605476208031, 1388.9089046046138, 1022.8605476208031, 1388.9089046046138], [990.6376664061099, 1287.008449062705, 990.6376664061099, 1287.008449062705, 990.6376664061099, 1287.008449062705, 990.6376664061099, 1349.9247814528644, 990.6376664061099, 1349.9247814528644], [958.4147851914167, 1321.5763644315302, 958.4147851914167, 1321.5763644315302, 958.4147851914167, 1321.5763644315302, 958.4147851914167, 1310.940658301115, 958.4147851914167, 1310.940658301115], [1099.933780124411, 1156.2812846153975, 1099.933780124411, 1156.2812846153975, 1099.933780124411, 1156.2812846153975, 1099.933780124411, 1230.0463892519474, 1099.933780124411, 1230.0463892519474], [1241.4527750574052, 990.9862047992647, 1241.4527750574052, 990.9862047992647, 1241.4527750574052, 990.9862047992647, 1241.4527750574052, 1149.1521202027798, 1241.4527750574052, 1149.1521202027798], [1191.452568024397, 1339.6349978633225, 1191.452568024397, 1339.6349978633225, 1191.452568024397, 1339.6349978633225, 1191.452568024397, 1147.0759018324316, 1191.452568024397, 1147.0759018324316]], "injector_rates": [[700.0902190804482, 1008.77705225721, 1008.77705225721, 700.0902190804482, 949.6119059622288], [834.7804946824908, 1099.1159880068153, 1099.1159880068153, 834.7804946824908, 703.812517086044], [969.4707702845335, 1189.4549237564206, 1189.4549237564206, 969.4707702845335, 458.01312820985913], [742.7924052346498, 1075.2339765429497, 1075.2339765429497, 742.7924052346498, 639.2494632862508], [516.114040184766, 961.0130293294787, 961.0130293294787, 516.114040184766, 820.4857983626425], [1014.9141954258084, 373.3064102008939, 373.3064102008939, 1014.9141954258084, 975.5895235575736]]}