{"producer_bhp": [[1184.2730614356697, 1163.8223976828158, 1184.2730614356697, 1163.8223976828158, 1184.2730614356697, 1163.8223976828158, 1184.2730614356697, 940.0420469231904, 1184.2730614356697, 940.0420469231904], [1126.5493047889322, 1278.2236040569842, 1126.5493047889322, 1278.2236040569842, 1126.5493047889322, 1278.2236040569842, 1126.5493047889322, 1029.4914728496224, 1126.5493047889322, 1029.4914728496224], [1068.8255481421947, 1392.6248104311526, 1068.8255481421947, 1392.6248104311526, 1068.8255481421947, 1392.6248104311526, 1068.8255481421947, 1118.9408987760544, 1068.8255481421947, 1118.9408987760544], [1000.5228608846664, 1301.1374916881323, 1000.5228608846664, 1301.1374916881323, 1000.5228608846664, 1301.1374916881323, 1000.5228608846664, 1151.816826639697, 1000.5228608846664, 1151.816826639697], [932.2201736271381, 1209.650172945112, 932.2201736271381, 1209.650172945112, 932.2201736271381, 1209.650172945112, 932.2201736271381, 1184.6927545033395, 932.2201736271381, 1184.6927545033395], [1376.976660080254, 942.198256123811, 1376.976660080254, 942.198256123811, 1376.976660080254, 942.198256123811, 1376.976660080254, 1038.9852822758257, 1376.976660080254, 1038.9852822758257]], "injector_rates": [[485.46483758836985, 492.6253139041364, 492.6253139041364, 485.46483758836985, 902.5295346044004], [778.0914945993572, 676.4655886217952, 676.4655886217952, 778.0914945993572, 744.1365615930408], [1070.7181516103446, 860.3058633394539, 860.3058633394539, 1070.7181516103446, 585.7435885816813], [1013.8475647196174, 730.8492162264884, 730.8492162264884, 1013.8475647196174, 773.9407380111516], [956.9769778288901, 601.3925691135228, 601.3925691135228, 956.9769778288901, 962.1378874406219], [363.39216185733676, 568.6835750006139, 568.6835750006139, 363.39216185733676, 808.9944027364254]]}