{"producer_bhp": [[1348.4163071028888, 971.0326693952084, 1348.4163071028888, 971.0326693952084, 1348.4163071028888, 971.0326693952084, 1348.4163071028888, 1169.9546525254846, 1348.4163071028888, 1169.9546525254846], [1228.6794347222894, 1161.928282910958, 1228.6794347222894, 1161.928282910958, 1228.6794347222894, 1161.928282910958, 1228.6794347222894, 1178.297398937866, 1228.6794347222894, 1178.297398937866], [1108.94256234169, 1352.8238964267075, 1108.94256234169, 1352.8238964267075, 1108.94256234169, 1352.8238964267075, 1108.94256234169, 1186.6401453502476, 1108.94256234169, 1186.6401453502476], [1111.3877690862864, 1196.6721118427813, 1111.3877690862864, 1196.6721118427813, 1111.3877690862864, 1196.6721118427813, 1111.3877690862864, 1165.050393762067, 1111.3877690862864, 1165.050393762067], [1113.8329758308828, 1040.520327258855, 1113.8329758308828, 1040.520327258855, 1113.8329758308828, 1040.520327258855, 1113.8329758308828, 1143.4606421738863, 1113.8329758308828, 1143.4606421738863], [937.4762332066894, 938.2630336098373, 937.4762332066894, 938.2630336098373, 937.4762332066894, 938.2630336098373, 937.4762332066894, 1358.8779862970114, 937.4762332066894, 1358.8779862970114]], "injector_rates": [[912.5335514545441, 856.0074029490352, 856.0074029490352, 912.5335514545441, 382.8872465528548], [691.4293225854635, 609.579942561686, 609.579942561686, 691.4293225854635, 543.5765156988055], [470.325093716383, 363.1524821743369, 363.1524821743369, 470.325093716383, 704.2657848447561], [399.3212229106575, 459.35981003567576, 459.35981003567576, 399.3212229106575, 544.0845830831677], [328.31735210493207, 555.5671378970146, 555.5671378970146, 328.31735210493207, 383.9033813215792], [1102.2111595608294, 550.5558678880334, 550.5558678880334, 1102.2111595608294, 457.66346622258425]]}