{"producer_bhp": [[1027.034034114331, 1025.1198071986437, 1027.034034114331, 1025.1198071986437, 1027.034034114331, 1025.1198071986437, 1027.034034114331, 1008.3170031197369, 1027.034034114331, 1008.3170031197369], [1009.9891935009509, 1039.6364904940128, 1009.9891935009509, 1039.6364904940128, 1009.9891935009509, 1039.6364904940128, 1009.9891935009509, 1078.217041073367, 1009.9891935009509, 1078.217041073367], [992.9443528875709, 1054.153173789382, 992.9443528875709, 1054.153173789382, 992.9443528875709, 1054.153173789382, 992.9443528875709, 1148.117079026997, 992.9443528875709, 1148.117079026997], [1150.096443342045, 1005.3492887876928, 1150.096443342045, 1005.3492887876928, 1150.096443342045, 1005.3492887876928, 1150.096443342045, 1158.2427049055696, 1150.096443342045, 1158.2427049055696], [1307.248533796519, 956.5454037860036, 1307.248533796519, 956.5454037860036, 1307.248533796519, 956.5454037860036, 1307.248533796519, 1168.368330784142, 1307.248533796519, 1168.368330784142], [928.9372345432639, 1198.027121461928, 928.9372345432639, 1198.027121461928, 928.9372345432639, 1198.027121461928, 928.9372345432639, 1016.207298822701, 928.9372345432639, 1016.207298822701]], "injector_rates": [[899.4077685289085, 346.12508257851005, 346.12508257851005, 899.4077685289085, 619.164106529206], [848.868533084169, 520.4768828116357, 520.4768828116357, 848.868533084169, 673.5288752708584], [798.3292976394296, 694.8286830447614, 694.8286830447614, 798.3292976394296, 727.8936440125108], [890.171214658767, 512.9985978361219, 512.9985978361219, 890.171214658767, 886.753858672455], [982.0131316781044, 331.1685126274824, 331.1685126274824, 982.0131316781044, 1045.6140733323991], [945.5138937570155, 542.2897095791996, 542.2897095791996, 945.5138937570155, 330.1916051656008]]}