{"producer_bhp": [[957.1658057160676, 1129.5499872416258, 957.1658057160676, 1129.5499872416258, 957.1658057160676, 1129.5499872416258, 957.1658057160676, 997.1825798042119, 957.1658057160676, 997.1825798042119], [1171.0414873436093, 1219.0053142607212, 1171.0414873436093, 1219.0053142607212, 1171.0414873436093, 1219.0053142607212, 1171.0414873436093, 1196.5025566518307, 1171.0414873436093, 1196.5025566518307], [1384.917168971151, 1308.4606412798166, 1384.917168971151, 1308.4606412798166, 1384.917168971151, 1308.4606412798166, 1384.917168971151, 1395.8225334994495, 1384.917168971151, 1395.8225334994495], [1170.6880604382604, 1314.256443735212, 1170.6880604382604, 1314.256443735212, 1170.6880604382604, 1314.256443735212, 1170.6880604382604, 1369.1708562895656, 1170.6880604382604, 1369.1708562895656], [956.4589519053698, 1320.0522461906075, 956.4589519053698, 1320.0522461906075, 956.4589519053698, 1320.0522461906075, 956.4589519053698, 1342.5191790796816, 956.4589519053698, 1342.5191790796816], [1229.2481172829866, 907.03080650419, 1229.2481172829866, 907.03080650419, 1229.2481172829866, 907.03080650419, 1229.2481172829866, 998.71995029971, 1229.2481172829866, 998.71995029971]], "injector_rates": [[574.4915046729147, 1067.4245364032686, 1067.4245364032686, 574.4915046729147, 597.622995916754], [628.8867881521583, 1020.42894246988, 1020.42894246988, 628.8867881521583, 596.6293963138014], [683.2820716314018, 973.4333485364914, 973.4333485364914, 683.2820716314018, 595.6357967108488], [505.61375180259347, 894.2190465051681, 894.2190465051681, 505.61375180259347, 450.9603434242308], [327.94543197378516, 815.0047444738448, 815.0047444738448, 327.94543197378516, 306.2848901376128], [783.2270049490035, 1108.4104117937386, 1108.4104117937386, 783.2270049490035, 724.7001254931092]]}