{"producer_bhp": [[1365.585355181247, 1125.4570508375764, 1365.585355181247, 1125.4570508375764, 1365.585355181247, 1125.4570508375764, 1365.585355181247, 1325.1056676730514, 1365.585355181247, 1325.1056676730514], [1230.5047384928912, 1111.4095124416053, 1230.5047384928912, 1111.4095124416053, 1230.5047384928912, 1111.4095124416053, 1230.5047384928912, 1328.8267120718956, 1230.5047384928912, 1328.8267120718956], [1095.4241218045354, 1097.3619740456343, 1095.4241218045354, 1097.3619740456343, 1095.4241218045354, 1097.3619740456343, 1095.4241218045354, 1332.5477564707398, 1095.4241218045354, 1332.5477564707398], [1105.3139037452638, 1167.551155295223, 1105.3139037452638, 1167.551155295223, 1105.3139037452638, 1167.551155295223, 1105.3139037452638, 1217.0598584692925, 1105.3139037452638, 1217.0598584692925], [1115.2036856859922, 1237.7403365448117, 1115.2036856859922, 1237.7403365448117, 1115.2036856859922, 1237.7403365448117, 1115.2036856859922, 1101.5719604678452, 1115.2036856859922, 1101.5719604678452], [1118.504486605525, 1111.1498983576894, 1118.504486605525, 1111.1498983576894, 1118.504486605525, 1111.1498983576894, 1118.504486605525, 905.5402014404535, 1118.504486605525, 905.5402014404535]], "injector_rates": [[1141.8140762485564, 1151.8749550916255, 1151.8749550916255, 1141.8140762485564, 558.1412170082331], [1130.3374319337308, 757.8980297315866, 757.8980297315866, 1130.3374319337308, 436.12500722520053], [1118.8607876189053, 363.9211043715477, 363.9211043715477, 1118.8607876189053, 314.108797442168], [833.0936789978296, 728.1437579076737, 728.1437579076737, 833.0936789978296, 750.5588361527771], [547.3265703767538, 1092.3664114437997, 1092.3664114437997, 547.3265703767538, 1187.0088748633862], [689.55492451787, 399.701670370996, 399.701670370996, 689.55492451787, 611.0679407604039]]}