{"producer_bhp": [[984.3490269035101, 1137.108935136348, 984.3490269035101, 1137.108935136348, 984.3490269035101, 1137.108935136348, 984.3490269035101, 1347.550907265395, 984.3490269035101, 1347.550907265395], [1045.411639008671, 1062.3599380254745, 1045.411639008671, 1062.3599380254745, 1045.411639008671, 1062.3599380254745, 1045.411639008671, 1142.6605217624456, 1045.411639008671, 1142.6605217624456], [1106.474251113832, 987.6109409146011, 1106.474251113832, 987.6109409146011, 1106.474251113832, 987.6109409146011, 1106.474251113832, 937.7701362594962, 1106.474251113832, 937.7701362594962], [1023.7739792559296, 992.7005878183991, 1023.7739792559296, 992.7005878183991, 1023.7739792559296, 992.7005878183991, 1023.7739792559296, 1090.7467932906002, 1023.7739792559296, 1090.7467932906002], [941.0737073980272, 997.790234722197, 941.0737073980272, 997.790234722197, 941.0737073980272, 997.790234722197, 941.0737073980272, 1243.7234503217041, 941.0737073980272, 1243.7234503217041], [1362.581249885261, 1296.1624545045197, 1362.581249885261, 1296.1624545045197, 1362.581249885261, 1296.1624545045197, 1362.581249885261, 1309.6920285373926, 1362.581249885261, 1309.6920285373926]], "injector_rates": [[793.8024857081473, 784.7074787132442, 784.7074787132442, 793.8024857081473, 686.2461095675826], [669.9911756906658, 786.2919903360307, 786.2919903360307, 669.9911756906658, 508.24492843821645], [546.1798656731844, 787.8765019588172, 787.8765019588172, 546.1798656731844, 330.2437473088503], [704.7255800105631, 819.4510855246335, 819.4510855246335, 704.7255800105631, 628.3675623591989], [863.2712943479419, 851.0256690904498, 851.0256690904498, 863.2712943479419, 926.4913774095476], [710.1311255246401, 804.4171074405313, 804.4171074405313, 710.1311255246401, 878.1066334806383]]}