{"producer_bhp": [[1377.796773891896, 1043.6961013823748, 1377.796773891896, 1043.6961013823748, 1377.796773891896, 1043.6961013823748, 1377.796773891896, 1063.500212598592, 1377.796773891896, 1063.500212598592], [1305.4200563114136, 1189.065785938874, 1305.4200563114136, 1189.065785938874, 1305.4200563114136, 1189.065785938874, 1305.4200563114136, 1184.0763530693948, 1305.4200563114136, 1184.0763530693948], [1233.0433387309313, 1334.435470495373, 1233.0433387309313, 1334.435470495373, 1233.0433387309313, 1334.435470495373, 1233.0433387309313, 1304.6524935401976, 1233.0433387309313, 1304.6524935401976], [1101.313971541822, 1169.696390721947, 1101.313971541822, 1169.696390721947, 1101.313971541822, 1169.696390721947, 1101.313971541822, 1210.8361456543207, 1101.313971541822, 1210.8361456543207], [969.5846043527126, 1004.9573109485209, 969.5846043527126, 1004.9573109485209, 969.5846043527126, 1004.9573109485209, 969.5846043527126, 1117.0197977684438, 969.5846043527126, 1117.0197977684438], [1135.6608817353845, 1243.4126432985067, 1135.6608817353845, 1243.4126432985067, 1135.6608817353845, 1243.4126432985067, 1135.6608817353845, 1384.0228599496186, 1135.6608817353845, 1384.0228599496186]], "injector_rates": [[358.1400512717664, 791.9990412890911, 791.9990412890911, 358.1400512717664, 758.3777323365211], [494.1512356046587, 830.4463705513626, 830.4463705513626, 494.1512356046587, 656.2521115411073], [630.162419937551, 868.8936998136342, 868.8936998136342, 630.162419937551, 554.1264907456934], [777.2728328593075, 609.9496875889599, 609.9496875889599, 777.2728328593075, 448.882178356871], [924.383245781064, 351.0056753642857, 351.0056753642857, 924.383245781064, 343.6378659680486], [1157.7360805124044, 614.6598603576422, 614.6598603576422, 1157.7360805124044, 543.925563711673]]}