{"producer_bhp": [[1321.952536329627, 1149.1369131021202, 1321.952536329627, 1149.1369131021202, 1321.952536329627, 1149.1369131021202, 1321.952536329627, 925.9093344211578, 1321.952536329627, 925.9093344211578], [1351.2080128770322, 1173.9451988600194, 1351.2080128770322, 1173.9451988600194, 1351.2080128770322, 1173.9451988600194, 1351.2080128770322, 963.7208714615554, 1351.2080128770322, 963.7208714615554], [1380.4634894244373, 1198.7534846179187, 1380.4634894244373, 1198.7534846179187, 1380.4634894244373, 1198.7534846179187, 1380.4634894244373, 1001.5324085019529, 1380.4634894244373, 1001.5324085019529], [1241.5520344860852, 1121.5692384634167, 1241.5520344860852, 1121.5692384634167, 1241.5520344860852, 1121.5692384634167, 1241.5520344860852, 992.1219661831856, 1241.5520344860852, 992.1219661831856], [1102.640579547733, 1044.3849923089147, 1102.640579547733, 1044.3849923089147, 1102.640579547733, 1044.3849923089147, 1102.640579547733, 982.7115238644183, 1102.640579547733, 982.7115238644183], [985.1714452728629, 1222.9337469674647, 985.1714452728629, 1222.9337469674647, 985.1714452728629, 1222.9337469674647, 985.1714452728629, 1340.6616347841918, 985.1714452728629, 1340.6616347841918]], "injector_rates": [[458.49509770050645, 869.0205750055611, 869.0205750055611, 458.49509770050645, 694.092386495322], [723.6167272087187, 653.7613146007061, 653.7613146007061, 723.6167272087187, 652.7129656635225], [988.7383567169309, 438.5020541958511, 438.5020541958511, 988.7383567169309, 611.333544831723], [1040.8863618504256, 790.4920266475528, 790.4920266475528, 1040.8863618504256, 595.7703648135066], [1093.0343669839203, 1142.4819990992546, 1142.4819990992546, 1093.0343669839203, 580.2071847952902], [817.0966495759785, 717.7570522762835, 717.7570522762835, 817.0966495759785, 766.7892403900623]]}