{"producer_bhp": [[1079.278661031276, 1140.1287043467164, 1079.278661031276, 1140.1287043467164, 1079.278661031276, 1140.1287043467164, 1079.278661031276, 1269.9067970737815, 1079.278661031276, 1269.9067970737815], [1209.4743660185486, 1259.8709104117006, 1209.4743660185486, 1259.8709104117006, 1209.4743660185486, 1259.8709104117006, 1209.4743660185486, 1191.7087960522622, 1209.4743660185486, 1191.7087960522622], [1339.6700710058212, 1379.6131164766848, 1339.6700710058212, 1379.6131164766848, 1339.6700710058212, 1379.6131164766848, 1339.6700710058212, 1113.5107950307429, 1339.6700710058212, 1113.5107950307429], [1273.20630508475, 1270.3121081925929, 1273.20630508475, 1270.3121081925929, 1273.20630508475, 1270.3121081925929, 1273.20630508475, 1133.0327585805207, 1273.20630508475, 1133.0327585805207], [1206.7425391636789, 1161.011099908501, 1206.7425391636789, 1161.011099908501, 1206.7425391636789, 1161.011099908501, 1206.7425391636789, 1152.5547221302986, 1206.7425391636789, 1152.5547221302986], [950.1062422990799, 1078.4600038081408, 950.1062422990799, 1078.4600038081408, 950.1062422990799, 1078.4600038081408, 950.1062422990799, 1303.2628419809043, 950.1062422990799, 1303.2628419809043]], "injector_rates": [[600.6569867022336, 710.0558510050178, 710.0558510050178, 600.6569867022336, 812.5068149529397], [550.0643304549158, 849.0203976631165, 849.0203976631165, 550.0643304549158, 651.1611606460065], [499.47167420759797, 987.9849443212152, 987.9849443212152, 499.47167420759797, 489.8155063390732], [495.0789362657815, 1050.471967086196, 1050.471967086196, 495.0789362657815, 458.5351845715195], [490.6861983239651, 1112.9589898511767, 1112.9589898511767, 490.6861983239651, 427.2548628039658], [449.9639396555722, 304.2592749930918, 304.2592749930918, 449.9639396555722, 375.7939126342535]]}