{"producer_bhp": [[935.739810205996, 1154.7551207244396, 935.739810205996, 1154.7551207244396, 935.739810205996, 1154.7551207244396, 935.739810205996, 1221.5939211659133, 935.739810205996, 1221.5939211659133], [982.8854239080101, 1169.2261168267578, 982.8854239080101, 1169.2261168267578, 982.8854239080101, 1169.2261168267578, 982.8854239080101, 1106.4064752776176, 982.8854239080101, 1106.4064752776176], [1030.0310376100242, 1183.697112929076, 1030.0310376100242, 1183.697112929076, 1030.0310376100242, 1183.697112929076, 1030.0310376100242, 991.2190293893218, 1030.0310376100242, 991.2190293893218], [1194.213788351044, 1122.680515376851, 1194.213788351044, 1122.680515376851, 1194.213788351044, 1122.680515376851, 1194.213788351044, 1003.0619526281953, 1194.213788351044, 1003.0619526281953], [1358.396539092064, 1061.663917824626, 1358.396539092064, 1061.663917824626, 1358.396539092064, 1061.663917824626, 1358.396539092064, 1014.9048758670688, 1358.396539092064, 1014.9048758670688], [1286.7976982146502, 1360.1100943982601, 1286.7976982146502, 1360.1100943982601, 1286.7976982146502, 1360.1100943982601, 1286.7976982146502, 1104.704447183758, 1286.7976982146502, 1104.704447183758]], "injector_rates": [[568.3040281757712, 1100.5054581910372, 1100.5054581910372, 568.3040281757712, 562.7608585171402], [491.14733627066016, 917.705524340272, 917.705524340272, 491.14733627066016, 537.208675313741], [413.9906443655491, 734.9055904895067, 734.9055904895067, 413.9906443655491, 511.6564921103418], [549.3780227378011, 681.1820096801966, 681.1820096801966, 549.3780227378011, 785.1935264188796], [684.7654011100531, 627.4584288708866, 627.4584288708866, 684.7654011100531, 1058.7305607274175], [903.6685715429485, 509.38512375578284, 509.38512375578284, 903.6685715429485, 305.4724406450987]]}