{"producer_bhp": [[1398.7039868719876, 959.8446941003203, 1398.7039868719876, 959.8446941003203, 1398.7039868719876, 959.8446941003203, 1398.7039868719876, 900.2918527461588, 1398.7039868719876, 900.2918527461588], [1309.9375826772302, 1020.4774654470384, 1309.9375826772302, 1020.4774654470384, 1309.9375826772302, 1020.4774654470384, 1309.9375826772302, 1025.733473105356, 1309.9375826772302, 1025.733473105356], [1221.171178482473, 1081.1102367937565, 1221.171178482473, 1081.1102367937565, 1221.171178482473, 1081.1102367937565, 1221.171178482473, 1151.1750934645534, 1221.171178482473, 1151.1750934645534], [1092.767308326438, 1207.9737308435142, 1092.767308326438, 1207.9737308435142, 1092.767308326438, 1207.9737308435142, 1092.767308326438, 1139.4165517762303, 1092.767308326438, 1139.4165517762303], [964.3634381704032, 1334.837224893272, 964.3634381704032, 1334.837224893272, 964.3634381704032, 1334.837224893272, 964.3634381704032, 1127.6580100879073, 964.3634381704032, 1127.6580100879073], [908.356548845768, 1306.9759999401867, 908.356548845768, 1306.9759999401867, 908.356548845768, 1306.9759999401867, 908.356548845768, 962.4235947616398, 908.356548845768, 962.4235947616398]], "injector_rates": [[587.4291574582458, 1114.2360440455377, 1114.2360440455377, 587.4291574582458, 1075.5920154042542], [678.276950167492, 991.9496138580143, 991.9496138580143, 678.276950167492, 798.0304622557014], [769.1247428767383, 869.663183670491, 869.663183670491, 769.1247428767383, 520.4689091071486], [984.2188227921724, 878.9464863482863, 878.9464863482863, 984.2188227921724, 818.0072390008718], [1199.3129027076066, 888.2297890260816, 888.2297890260816, 1199.3129027076066, 1115.545568894595], [725.7727165706456, 309.1213747859001, 309.1213747859001, 725.7727165706456, 474.92877189069986]]}