{"producer_bhp": [[1293.0453229695559, 935.6612927280366, 1293.0453229695559, 935.6612927280366, 1293.0453229695559, 935.6612927280366, 1293.0453229695559, 1315.5487655662, 1293.0453229695559, 1315.5487655662], [1148.774036532268, 1075.3048761747777, 1148.774036532268, 1075.3048761747777, 1148.774036532268, 1075.3048761747777, 1148.774036532268, 1215.260833594948, 1148.774036532268, 1215.260833594948], [1004.50275009498, 1214.9484596215189, 1004.50275009498, 1214.9484596215189, 1004.50275009498, 1214.9484596215189, 1004.50275009498, 1114.972901623696, 1004.50275009498, 1114.972901623696], [992.3956155311316, 1115.7109084073454, 992.3956155311316, 1115.7109084073454, 992.3956155311316, 1115.7109084073454, 992.3956155311316, 1064.015699410811, 992.3956155311316, 1064.015699410811], [980.2884809672832, 1016.473357193172, 980.2884809672832, 1016.473357193172, 980.2884809672832, 1016.473357193172, 980.2884809672832, 1013.058497197926, 980.2884809672832, 1013.058497197926], [1025.0231796875596, 948.9763049408793, 1025.0231796875596, 948.9763049408793, 1025.0231796875596, 948.9763049408793, 1025.0231796875596, 1393.6347240582108, 1025.0231796875596, 1393.6347240582108]], "injector_rates": [[819.1000794991851, 933.027910720557, 933.027910720557, 819.1000794991851, 1108.2817839458585], [866.2017912603915, 882.3995580431074, 882.3995580431074, 866.2017912603915, 876.8171288073063], [913.3035030215979, 831.7712053656578, 831.7712053656578, 913.3035030215979, 645.3524736687541], [761.3886829465628, 863.9472784940153, 863.9472784940153, 761.3886829465628, 620.333456620574], [609.4738628715277, 896.1233516223729, 896.1233516223729, 609.4738628715277, 595.3144395723939], [766.7061187326908, 665.8462814055383, 665.8462814055383, 766.7061187326908, 1134.9079496227205]]}