{"producer_bhp": [[977.4777354672551, 1397.575122397393, 977.4777354672551, 1397.575122397393, 977.4777354672551, 1397.575122397393, 977.4777354672551, 1160.6469937600195, 977.4777354672551, 1160.6469937600195], [1098.5179292969406, 1389.408647408709, 1098.5179292969406, 1389.408647408709, 1098.5179292969406, 1389.408647408709, 1098.5179292969406, 1086.633464647457, 1098.5179292969406, 1086.633464647457], [1219.558123126626, 1381.2421724200249, 1219.558123126626, 1381.2421724200249, 1219.558123126626, 1381.2421724200249, 1219.558123126626, 1012.6199355348945, 1219.558123126626, 1012.6199355348945], [1107.993118558079, 1202.3970955982804, 1107.993118558079, 1202.3970955982804, 1107.993118558079, 1202.3970955982804, 1107.993118558079, 1160.619311593473, 1107.993118558079, 1160.619311593473], [996.428113989532, 1023.552018776536, 996.428113989532, 1023.552018776536, 996.428113989532, 1023.552018776536, 996.428113989532, 1308.6186876520514, 996.428113989532, 1308.6186876520514], [1092.5152936019003, 1181.4507596194744, 1092.5152936019003, 1181.4507596194744, 1092.5152936019003, 1181.4507596194744, 1092.5152936019003, 913.5874096304178, 1092.5152936019003, 913.5874096304178]], "injector_rates": [[654.0396708995104, 757.8974207863212, 757.8974207863212, 654.0396708995104, 1069.204520713538], [869.4409890566021, 655.9403164777905, 655.9403164777905, 869.4409890566021, 1119.5262440945953], [1084.8423072136939, 553.9832121692598, 553.9832121692598, 1084.8423072136939, 1169.8479674756527], [997.9648246429861, 746.954125771299, 746.954125771299, 997.9648246429861, 836.3001157063991], [911.0873420722783, 939.9250393733382, 939.9250393733382, 911.0873420722783, 502.75226393714547], [381.45943880081177, 421.14219311624765, 421.14219311624765, 381.45943880081177, 351.6165493056178]]}