{"producer_bhp": [[916.6973602026701, 1260.4951268061996, 916.6973602026701, 1260.4951268061996, 916.6973602026701, 1260.4951268061996, 916.6973602026701, 991.2383385002613, 916.6973602026701, 991.2383385002613], [1045.1643009204417, 1121.3940350338817, 1045.1643009204417, 1121.3940350338817, 1045.1643009204417, 1121.3940350338817, 1045.1643009204417, 1005.1140280906111, 1045.1643009204417, 1005.1140280906111], [1173.6312416382134, 982.2929432615638, 1173.6312416382134, 982.2929432615638, 1173.6312416382134, 982.2929432615638, 1173.6312416382134, 1018.9897176809609, 1173.6312416382134, 1018.9897176809609], [1200.1353435683995, 1139.9576327297837, 1200.1353435683995, 1139.9576327297837, 1200.1353435683995, 1139.9576327297837, 1200.1353435683995, 1009.2901204247028, 1200.1353435683995, 1009.2901204247028], [1226.6394454985857, 1297.6223221980035, 1226.6394454985857, 1297.6223221980035, 1226.6394454985857, 1297.6223221980035, 1226.6394454985857, 999.5905231684446, 1226.6394454985857, 999.5905231684446], [1309.156915731728, 978.8236325606704, 1309.156915731728, 978.8236325606704, 1309.156915731728, 978.8236325606704, 1309.156915731728, 1208.1738650798798, 1309.156915731728, 1208.1738650798798]], "injector_rates": [[931.6578224301338, 841.6108262725174, 841.6108262725174, 931.6578224301338, 755.972111877054], [878.5027173813432, 922.8888823650777, 922.8888823650777, 878.5027173813432, 725.7393406704068], [825.3476123325527, 1004.166938457638, 1004.166938457638, 825.3476123325527, 695.5065694637597], [834.6005767118186, 966.3236011750996, 966.3236011750996, 834.6005767118186, 568.0009255651385], [843.8535410910845, 928.4802638925612, 928.4802638925612, 843.8535410910845, 440.49528166651726], [491.61725929006934, 744.0972466953099, 744.0972466953099, 491.61725929006934, 400.51315762102604]]}