{"producer_bhp": [[1151.4278958551586, 1358.7352056987584, 1151.4278958551586, 1358.7352056987584, 1151.4278958551586, 1358.7352056987584, 1151.4278958551586, 1300.4008742049336, 1151.4278958551586, 1300.4008742049336], [1172.2531657200307, 1322.2979792393744, 1172.2531657200307, 1322.2979792393744, 1172.2531657200307, 1322.2979792393744, 1172.2531657200307, 1145.0837823562324, 1172.2531657200307, 1145.0837823562324], [1193.0784355849028, 1285.8607527799904, 1193.0784355849028, 1285.8607527799904, 1193.0784355849028, 1285.8607527799904, 1193.0784355849028, 989.7666905075312, 1193.0784355849028, 989.7666905075312], [1138.9625718351454, 1324.1497665643692, 1138.9625718351454, 1324.1497665643692, 1138.9625718351454, 1324.1497665643692, 1138.9625718351454, 1072.2974553704262, 1138.9625718351454, 1072.2974553704262], [1084.846708085388, 1362.438780348748, 1084.846708085388, 1362.438780348748, 1084.846708085388, 1362.438780348748, 1084.846708085388, 1154.8282202333212, 1084.846708085388, 1154.8282202333212], [1211.8807775899768, 1231.787017174065, 1211.8807775899768, 1231.787017174065, 1211.8807775899768, 1231.787017174065, 1211.8807775899768, 1075.863329321146, 1211.8807775899768, 1075.863329321146]], "injector_rates": [[786.7470790632069, 423.48567182198167, 423.48567182198167, 786.7470790632069, 519.9940642341971], [864.4145348109305, 444.8490160983056, 444.8490160983056, 864.4145348109305, 599.7474349569529], [942.0819905586541, 466.2123603746295, 466.2123603746295, 942.0819905586541, 679.5008056797087], [626.8339330796152, 417.44850715622306, 417.44850715622306, 626.8339330796152, 784.866255428642], [311.5858756005764, 368.6846539378166, 368.6846539378166, 311.5858756005764, 890.2317051775753], [320.6169119104743, 590.5995243228972, 590.5995243228972, 320.6169119104743, 1177.1139702759683]]}