{"producer_bhp": [[1286.1836874857545, 1192.7727499045432, 1286.1836874857545, 1192.7727499045432, 1286.1836874857545, 1192.7727499045432, 1286.1836874857545, 1252.6930627413094, 1286.1836874857545, 1252.6930627413094], [1342.7657320629805, 1167.4758958164603, 1342.7657320629805, 1167.4758958164603, 1342.7657320629805, 1167.4758958164603, 1342.7657320629805, 1143.6650767922401, 1342.7657320629805, 1143.6650767922401], [1399.3477766402066, 1142.1790417283773, 1399.3477766402066, 1142.1790417283773, 1399.3477766402066, 1142.1790417283773, 1399.3477766402066, 1034.6370908431709, 1399.3477766402066, 1034.6370908431709], [1162.624905910343, 1074.7465645894408, 1162.624905910343, 1074.7465645894408, 1162.624905910343, 1074.7465645894408, 1162.624905910343, 1036.8080163374543, 1162.624905910343, 1036.8080163374543], [925.9020351804793, 1007.3140874505043, 925.9020351804793, 1007.3140874505043, 925.9020351804793, 1007.3140874505043, 925.9020351804793, 1038.9789418317378, 925.9020351804793, 1038.9789418317378], [1302.8713558800519, 1032.5450646691024, 1302.8713558800519, 1032.5450646691024, 1302.8713558800519, 1032.5450646691024, 1302.8713558800519, 985.040875710547, 1302.8713558800519, 985.040875710547]], "injector_rates": [[733.8268454186618, 974.7793799266219, 974.7793799266219, 733.8268454186618, 591.78477069363], [614.110498689115, 788.0813104100525, 788.0813104100525, 614.110498689115, 723.2826203573495], [494.39415195956826, 601.3832408934832, 601.3832408934832, 494.39415195956826, 854.780470021069], [548.2393126934767, 681.2533706892282, 681.2533706892282, 548.2393126934767, 970.4289584420621], [602.0844734273851, 761.1235004849732, 761.1235004849732, 602.0844734273851, 1086.0774468630552], [1113.0417611449957, 993.0155790410936, 993.0155790410936, 1113.0417611449957, 551.8451957032084]]}