{"producer_bhp": [[1295.8851513452828, 1091.517808008939, 1295.8851513452828, 1091.517808008939, 1295.8851513452828, 1091.517808008939, 1295.8851513452828, 966.300883423537, 1295.8851513452828, 966.300883423537], [1165.8098354004323, 1053.984947130084, 1165.8098354004323, 1053.984947130084, 1165.8098354004323, 1053.984947130084, 1165.8098354004323, 1081.126703741029, 1165.8098354004323, 1081.126703741029], [1035.734519455582, 1016.452086251229, 1035.734519455582, 1016.452086251229, 1035.734519455582, 1016.452086251229, 1035.734519455582, 1195.9525240585208, 1035.734519455582, 1195.9525240585208], [1213.0828472785652, 1133.1731442827731, 1213.0828472785652, 1133.1731442827731, 1213.0828472785652, 1133.1731442827731, 1213.0828472785652, 1203.6662032827735, 1213.0828472785652, 1203.6662032827735], [1390.4311751015484, 1249.8942023143172, 1390.4311751015484, 1249.8942023143172, 1390.4311751015484, 1249.8942023143172, 1390.4311751015484, 1211.3798825070262, 1390.4311751015484, 1211.3798825070262], [1214.1807024367154, 1235.6243376620114, 1214.1807024367154, 1235.6243376620114, 1214.1807024367154, 1235.6243376620114, 1214.1807024367154, 1122.2754023969173, 1214.1807024367154, 1122.2754023969173]], "injector_rates": [[725.8970025926828, 771.406935621053, 771.406935621053, 725.8970025926828, 570.4084013588727], [727.6380269788206, 791.4874623063952, 791.4874623063952, 727.6380269788206, 867.5038143061101], [729.3790513649583, 811.5679889917374, 811.5679889917374, 729.3790513649583, 1164.5992272533476], [626.1883324943483, 690.1516921352595, 690.1516921352595, 626.1883324943483, 749.0047768224031], [522.9976136237383, 568.7353952787817, 568.7353952787817, 522.9976136237383, 333.4103263914585], [994.4139076396823, 396.28880666568875, 396.28880666568875, 994.4139076396823, 521.0592515766621]]}