{"producer_bhp": [[907.8767733648419, 1023.4639883041382, 907.8767733648419, 1023.4639883041382, 907.8767733648419, 1023.4639883041382, 907.8767733648419, 1054.0540168061852, 907.8767733648419, 1054.0540168061852], [972.4904865492135, 1196.7031060252339, 972.4904865492135, 1196.7031060252339, 972.4904865492135, 1196.7031060252339, 972.4904865492135, 998.5874820034951, 972.4904865492135, 998.5874820034951], [1037.1041997335851, 1369.9422237463295, 1037.1041997335851, 1369.9422237463295, 1037.1041997335851, 1369.9422237463295, 1037.1041997335851, 943.120947200805, 1037.1041997335851, 943.120947200805], [1096.8702217563987, 1329.0881394408643, 1096.8702217563987, 1329.0881394408643, 1096.8702217563987, 1329.0881394408643, 1096.8702217563987, 995.9907853975892, 1096.8702217563987, 995.9907853975892], [1156.6362437792122, 1288.234055135399, 1156.6362437792122, 1288.234055135399, 1156.6362437792122, 1288.234055135399, 1156.6362437792122, 1048.8606235943735, 1156.6362437792122, 1048.8606235943735], [1085.998369473964, 1123.7857724539936, 1085.998369473964, 1123.7857724539936, 1085.998369473964, 1123.7857724539936, 1085.998369473964, 1046.4785784482956, 1085.998369473964, 1046.4785784482956]], "injector_rates": [[621.3785869069397, 813.0429223179817, 813.0429223179817, 621.3785869069397, 492.1057591214776], [482.37766488455236, 575.3335150424391, 575.3335150424391, 482.37766488455236, 648.3660792466253], [343.376742862165, 337.6241077668965, 337.6241077668965, 343.376742862165, 804.626399371773], [587.7229670528322, 586.8584210984409, 586.8584210984409, 587.7229670528322, 855.4174221586436], [832.0691912434995, 836.0927344299853, 836.0927344299853, 832.0691912434995, 906.2084449455142], [598.8590667955577, 1043.0866395123303, 1043.0866395123303, 598.8590667955577, 940.8573877997696]]}