{"producer_bhp": [[1089.739909954369, 1372.1040618605912, 1089.739909954369, 1372.1040618605912, 1089.739909954369, 1372.1040618605912, 1089.739909954369, 919.2109318450093, 1089.739909954369, 919.2109318450093], [1177.2673352155834, 1341.9055921025574, 1177.2673352155834, 1341.9055921025574, 1177.2673352155834, 1341.9055921025574, 1177.2673352155834, 1074.7834659181535, 1177.2673352155834, 1074.7834659181535], [1264.7947604767978, 1311.7071223445237, 1264.7947604767978, 1311.7071223445237, 1264.7947604767978, 1311.7071223445237, 1264.7947604767978, 1230.3559999912977, 1264.7947604767978, 1230.3559999912977], [1254.983540251851, 1213.2148245349526, 1254.983540251851, 1213.2148245349526, 1254.983540251851, 1213.2148245349526, 1254.983540251851, 1239.8966488894075, 1254.983540251851, 1239.8966488894075], [1245.1723200269043, 1114.7225267253816, 1245.1723200269043, 1114.7225267253816, 1245.1723200269043, 1114.7225267253816, 1245.1723200269043, 1249.4372977875173, 1245.1723200269043, 1249.4372977875173], [1313.3753259666264, 1292.3093909397721, 1313.3753259666264, 1292.3093909397721, 1313.3753259666264, 1292.3093909397721, 1313.3753259666264, 1388.3418548852205, 1313.3753259666264, 1388.3418548852205]], "injector_rates": [[746.9590790569782, 457.63233667239547, 457.63233667239547, 746.9590790569782, 411.2420548684895], [766.983433580026, 470.23693788796663, 470.23693788796663, 766.983433580026, 620.2138204593211], [787.0077881030738, 482.8415391035378, 482.8415391035378, 787.0077881030738, 829.1855860501528], [817.9265263024718, 734.6728979609907, 734.6728979609907, 817.9265263024718, 614.3622650764883], [848.8452645018697, 986.5042568184435, 986.5042568184435, 848.8452645018697, 399.53894410282373], [936.1116271466017, 998.5355710610747, 998.5355710610747, 936.1116271466017, 651.2882106006145]]}