{"producer_bhp": [[924.3206922896206, 947.4509745836258, 924.3206922896206, 947.4509745836258, 924.3206922896206, 947.4509745836258, 924.3206922896206, 1353.619764186442, 924.3206922896206, 1353.619764186442], [967.0661963522434, 1150.8644089102745, 967.0661963522434, 1150.8644089102745, 967.0661963522434, 1150.8644089102745, 967.0661963522434, 1283.2451433409005, 967.0661963522434, 1283.2451433409005], [1009.8117004148662, 1354.2778432369232, 1009.8117004148662, 1354.2778432369232, 1009.8117004148662, 1354.2778432369232, 1009.8117004148662, 1212.8705224953592, 1009.8117004148662, 1212.8705224953592], [1035.1790609769523, 1288.636629562825, 1035.1790609769523, 1288.636629562825, 1035.1790609769523, 1288.636629562825, 1035.1790609769523, 1291.9478778261691, 1035.1790609769523, 1291.9478778261691], [1060.5464215390384, 1222.9954158887267, 1060.5464215390384, 1222.9954158887267, 1060.5464215390384, 1222.9954158887267, 1060.5464215390384, 1371.025233156979, 1060.5464215390384, 1371.025233156979], [1280.9483982622623, 1274.7364529408514, 1280.9483982622623, 1274.7364529408514, 1280.9483982622623, 1274.7364529408514, 1280.9483982622623, 993.0842692032456, 1280.9483982622623, 993.0842692032456]], "injector_rates": [[1145.9631761536002, 1029.9227298237383, 1029.9227298237383, 1145.9631761536002, 979.7460481524467], [724.0716332104057, 692.5020502880216, 692.5020502880216, 724.0716332104057, 834.3506627250463], [302.1800902672112, 355.0813707523048, 355.0813707523048, 302.1800902672112, 688.9552772976458], [635.7807656284422, 700.7345087360591, 700.7345087360591, 635.7807656284422, 541.0429987125099], [969.3814409896731, 1046.3876467198133, 1046.3876467198133, 969.3814409896731, 393.13072012737393], [857.759614661336, 1183.171675633639, 1183.171675633639, 857.759614661336, 361.40081780031323]]}