{"producer_bhp": [[1172.070359904319, 1270.957640465349, 1172.070359904319, 1270.957640465349, 1172.070359904319, 1270.957640465349, 1172.070359904319, 1209.702749364078, 1172.070359904319, 1209.702749364078], [1185.4273689445108, 1155.1643119659275, 1185.4273689445108, 1155.1643119659275, 1185.4273689445108, 1155.1643119659275, 1185.4273689445108, 1150.804352806881, 1185.4273689445108, 1150.804352806881], [1198.7843779847026, 1039.370983466506, 1198.7843779847026, 1039.370983466506, 1198.7843779847026, 1039.370983466506, 1198.7843779847026, 1091.905956249684, 1198.7843779847026, 1091.905956249684], [1141.1302221007645, 977.3560795933008, 1141.1302221007645, 977.3560795933008, 1141.1302221007645, 977.3560795933008, 1141.1302221007645, 1146.261453256011, 1141.1302221007645, 1146.261453256011], [1083.4760662168264, 915.3411757200956, 1083.4760662168264, 915.3411757200956, 1083.4760662168264, 915.3411757200956, 1083.4760662168264, 1200.616950262338, 1083.4760662168264, 1200.616950262338], [1343.8558239489794, 1318.6028349213302, 1343.8558239489794, 1318.6028349213302, 1343.8558239489794, 1318.6028349213302, 1343.8558239489794, 1248.0140641331673, 1343.8558239489794, 1248.0140641331673]], "injector_rates": [[1014.4893016666174, 579.3745374307036, 579.3745374307036, 1014.4893016666174, 639.0049229376018], [851.0148664936423, 518.1244648061693, 518.1244648061693, 851.0148664936423, 520.5649812240154], [687.5404313206673, 456.8743921816349, 456.8743921816349, 687.5404313206673, 402.1250395104289], [629.3169528711587, 706.0151278506964, 706.0151278506964, 629.3169528711587, 485.43196292594075], [571.0934744216502, 955.155863519758, 955.155863519758, 571.0934744216502, 568.7388863414526], [803.5718067549169, 334.05986772850156, 334.05986772850156, 803.5718067549169, 798.7595424056053]]}