{"producer_bhp": [[1036.6412537172437, 1339.133514650166, 1036.6412537172437, 1339.133514650166, 1036.6412537172437, 1339.133514650166, 1036.6412537172437, 1371.704503055662, 1036.6412537172437, 1371.704503055662], [1120.383029896766, 1256.6230749711394, 1120.383029896766, 1256.6230749711394, 1120.383029896766, 1256.6230749711394, 1120.383029896766, 1358.3467848133296, 1120.383029896766, 1358.3467848133296], [1204.1248060762882, 1174.1126352921128, 1204.1248060762882, 1174.1126352921128, 1204.1248060762882, 1174.1126352921128, 1204.1248060762882, 1344.9890665709972, 1204.1248060762882, 1344.9890665709972], [1088.731356523931, 1148.6019472125918, 1088.731356523931, 1148.6019472125918, 1088.731356523931, 1148.6019472125918, 1088.731356523931, 1195.4322258010507, 1088.731356523931, 1195.4322258010507], [973.3379069715738, 1123.0912591330707, 973.3379069715738, 1123.0912591330707, 973.3379069715738, 1123.0912591330707, 973.3379069715738, 1045.875385031104, 973.3379069715738, 1045.875385031104], [955.9574570506811, 929.4333738274872, 955.9574570506811, 929.4333738274872, 955.9574570506811, 929.4333738274872, 955.9574570506811, 1167.8208090364933, 955.9574570506811, 1167.8208090364933]], "injector_rates": [[1120.7513158209622, 611.3391104154289, 611.3391104154289, 1120.7513158209622, 391.8960649520159], [753.1065181363374, 778.5557024180889, 778.5557024180889, 753.1065181363374, 527.74045066908], [385.4617204517126, 945.772294420749, 945.772294420749, 385.4617204517126, 663.5848363861442], [745.5601620487869, 816.8453785590827, 816.8453785590827, 745.5601620487869, 892.4539111554623], [1105.6586036458611, 687.9184626974165, 687.9184626974165, 1105.6586036458611, 1121.3229859247804], [411.55368480831385, 980.4696922190487, 980.4696922190487, 411.55368480831385, 319.20265601947904]]}