{"producer_bhp": [[1003.6412040702999, 1343.8660820014775, 1003.6412040702999, 1343.8660820014775, 1003.6412040702999, 1343.8660820014775, 1003.6412040702999, 1231.5603928640485, 1003.6412040702999, 1231.5603928640485], [970.4847027081996, 1204.9902527127415, 970.4847027081996, 1204.9902527127415, 970.4847027081996, 1204.9902527127415, 970.4847027081996, 1219.902689429, 970.4847027081996, 1219.902689429], [937.3282013460994, 1066.1144234240055, 937.3282013460994, 1066.1144234240055, 937.3282013460994, 1066.1144234240055, 937.3282013460994, 1208.2449859939516, 937.3282013460994, 1208.2449859939516], [1088.1217234767973, 1175.9729567915201, 1088.1217234767973, 1175.9729567915201, 1088.1217234767973, 1175.9729567915201, 1088.1217234767973, 1151.7880834639072, 1088.1217234767973, 1151.7880834639072], [1238.9152456074953, 1285.8314901590347, 1238.9152456074953, 1285.8314901590347, 1238.9152456074953, 1285.8314901590347, 1238.9152456074953, 1095.331180933863, 1238.9152456074953, 1095.331180933863], [1356.7146645858884, 1209.7779173403978, 1356.7146645858884, 1209.7779173403978, 1356.7146645858884, 1209.7779173403978, 1356.7146645858884, 1194.2247367464006, 1356.7146645858884, 1194.2247367464006]], "injector_rates": [[470.5900230444968, 883.415917865932, 883.415917865932, 470.5900230444968, 1109.3853746540844], [566.2703362293541, 1039.6766097284853, 1039.6766097284853, 566.2703362293541, 862.9836085718125], [661.9506494142115, 1195.9373015910387, 1195.9373015910387, 661.9506494142115, 616.5818424895406], [683.44791890122, 786.3587668631226, 786.3587668631226, 683.44791890122, 682.62629667297], [704.9451883882284, 376.78023213520646, 376.78023213520646, 704.9451883882284, 748.6707508563995], [531.0945848934352, 580.410829000175, 580.410829000175, 531.0945848934352, 934.6955833956599]]}