{"producer_bhp": [[1072.4100206047297, 920.9849886596203, 1072.4100206047297, 920.9849886596203, 1072.4100206047297, 920.9849886596203, 1072.4100206047297, 1041.270243562758, 1072.4100206047297, 1041.270243562758], [1128.676135186106, 1019.1987080965191, 1128.676135186106, 1019.1987080965191, 1128.676135186106, 1019.1987080965191, 1128.676135186106, 1115.924337040633, 1128.676135186106, 1115.924337040633], [1184.9422497674823, 1117.412427533418, 1184.9422497674823, 1117.412427533418, 1184.9422497674823, 1117.412427533418, 1184.9422497674823, 1190.578430518508, 1184.9422497674823, 1190.578430518508], [1119.6768168359995, 1021.5390837751329, 1119.6768168359995, 1021.5390837751329, 1119.6768168359995, 1021.5390837751329, 1119.6768168359995, 1084.112237766385, 1119.6768168359995, 1084.112237766385], [1054.4113839045167, 925.6657400168478, 1054.4113839045167, 925.6657400168478, 1054.4113839045167, 925.6657400168478, 1054.4113839045167, 977.6460450142622, 1054.4113839045167, 977.6460450142622], [1387.2495024465024, 1356.2569870613515, 1387.2495024465024, 1356.2569870613515, 1387.2495024465024, 1356.2569870613515, 1387.2495024465024, 1030.9496075846255, 1387.2495024465024, 1030.9496075846255]], "injector_rates": [[971.5704864822328, 548.6512161791325, 548.6512161791325, 971.5704864822328, 499.5714783668518], [1052.250277530402, 771.3893906213343, 771.3893906213343, 1052.250277530402, 684.8263706546277], [1132.930068578571, 994.1275650635362, 994.1275650635362, 1132.930068578571, 870.0812629424036], [859.427049709484, 652.097204234451, 652.097204234451, 859.427049709484, 798.962118756026], [585.9240308403969, 310.06684340536594, 310.06684340536594, 585.9240308403969, 727.8429745696485], [679.4287028722465, 701.738432329148, 701.738432329148, 679.4287028722465, 996.3415819220245]]}