{"producer_bhp": [[1236.0654953867197, 1331.1752850189805, 1236.0654953867197, 1331.1752850189805, 1236.0654953867197, 1331.1752850189805, 1236.0654953867197, 1188.9778069220483, 1236.0654953867197, 1188.9778069220483], [1264.7701430600137, 1243.6086208093911, 1264.7701430600137, 1243.6086208093911, 1264.7701430600137, 1243.6086208093911, 1264.7701430600137, 1248.740975605324, 1264.7701430600137, 1248.740975605324], [1293.4747907333076, 1156.0419565998018, 1293.4747907333076, 1156.0419565998018, 1293.4747907333076, 1156.0419565998018, 1293.4747907333076, 1308.5041442885995, 1293.4747907333076, 1308.5041442885995], [1122.876358544454, 1169.2139509599656, 1122.876358544454, 1169.2139509599656, 1122.876358544454, 1169.2139509599656, 1122.876358544454, 1298.8199019804597, 1122.876358544454, 1298.8199019804597], [952.2779263556004, 1182.3859453201294, 952.2779263556004, 1182.3859453201294, 952.2779263556004, 1182.3859453201294, 952.2779263556004, 1289.13565967232, 952.2779263556004, 1289.13565967232], [1299.6413396671414, 1219.0586171112955, 1299.6413396671414, 1219.0586171112955, 1299.6413396671414, 1219.0586171112955, 1299.6413396671414, 1048.9676488563418, 1299.6413396671414, 1048.9676488563418]], "injector_rates": [[946.644379477948, 332.4013765901327, 332.4013765901327, 946.644379477948, 1020.3954395838082], [694.7552030906081, 614.9450378492475, 614.9450378492475, 694.7552030906081, 876.7663311213255], [442.8660267032683, 897.4886991083622, 897.4886991083622, 442.8660267032683, 733.1372226588428], [517.7887980826199, 1025.2937613520771, 1025.2937613520771, 517.7887980826199, 917.7811664063483], [592.7115694619715, 1153.098823595792, 1153.098823595792, 592.7115694619715, 1102.425110153854], [655.7783081196249, 742.9168660193682, 742.9168660193682, 655.7783081196249, 499.86777026206255]]}