{"producer_bhp": [[1349.4217494502664, 1064.2058426514268, 1349.4217494502664, 1064.2058426514268, 1349.4217494502664, 1064.2058426514268, 1349.4217494502664, 1148.104146681726, 1349.4217494502664, 1148.104146681726], [1150.120958313346, 1104.203745117411, 1150.120958313346, 1104.203745117411, 1150.120958313346, 1104.203745117411, 1150.120958313346, 1128.8704770617187, 1150.120958313346, 1128.8704770617187], [950.8201671764255, 1144.2016475833952, 950.8201671764255, 1144.2016475833952, 950.8201671764255, 1144.2016475833952, 950.8201671764255, 1109.6368074417114, 950.8201671764255, 1109.6368074417114], [1112.3984061181545, 1224.6973636560142, 1112.3984061181545, 1224.6973636560142, 1112.3984061181545, 1224.6973636560142, 1112.3984061181545, 1217.8663421422243, 1112.3984061181545, 1217.8663421422243], [1273.9766450598836, 1305.1930797286332, 1273.9766450598836, 1305.1930797286332, 1273.9766450598836, 1305.1930797286332, 1273.9766450598836, 1326.0958768427372, 1273.9766450598836, 1326.0958768427372], [1376.4354065991938, 1215.0839284062386, 1376.4354065991938, 1215.0839284062386, 1376.4354065991938, 1215.0839284062386, 1376.4354065991938, 1102.1611360833049, 1376.4354065991938, 1102.1611360833049]], "injector_rates": [[541.5925892069936, 905.5436879396439, 905.5436879396439, 541.5925892069936, 969.9520407244563], [821.822851896286, 643.5844662599266, 643.5844662599266, 821.822851896286, 1037.7914857584983], [1102.0531145855784, 381.62524458020926, 381.62524458020926, 1102.0531145855784, 1105.6309307925403], [896.8510856386274, 645.4704388976097, 645.4704388976097, 896.8510856386274, 833.5343680344522], [691.6490566916764, 909.3156332150102, 909.3156332150102, 691.6490566916764, 561.4378052763641], [881.5350062213838, 483.5745893418789, 483.5745893418789, 881.5350062213838, 1197.440264839679]]}