{"producer_bhp": [[1012.4617871828377, 1097.0679606311023, 1012.4617871828377, 1097.0679606311023, 1012.4617871828377, 1097.0679606311023, 1012.4617871828377, 1293.7123119831085, 1012.4617871828377, 1293.7123119831085], [1168.3559556026012, 1138.8651850633323, 1168.3559556026012, 1138.8651850633323, 1168.3559556026012, 1138.8651850633323, 1168.3559556026012, 1275.7407206576318, 1168.3559556026012, 1275.7407206576318], [1324.2501240223646, 1180.6624094955623, 1324.2501240223646, 1180.6624094955623, 1324.2501240223646, 1180.6624094955623, 1324.2501240223646, 1257.769129332155, 1324.2501240223646, 1257.769129332155], [1246.7641894239932, 1236.4678968209773, 1246.7641894239932, 1236.4678968209773, 1246.7641894239932, 1236.4678968209773, 1246.7641894239932, 1105.0400369334966, 1246.7641894239932, 1105.0400369334966], [1169.2782548256218, 1292.2733841463923, 1169.2782548256218, 1292.2733841463923, 1169.2782548256218, 1292.2733841463923, 1169.2782548256218, 952.3109445348382, 1169.2782548256218, 952.3109445348382], [1102.27573486045, 1283.4583857096732, 1102.27573486045, 1283.4583857096732, 1102.27573486045, 1283.4583857096732, 1102.27573486045, 1028.0771917663515, 1102.27573486045, 1028.0771917663515]], "injector_rates": [[1060.3090960532427, 911.9837614707649, 911.9837614707649, 1060.3090960532427, 585.4240603744984], [1129.7995693981647, 711.6821476723999, 711.6821476723999, 1129.7995693981647, 734.4738344661891], [1199.2900427430868, 511.3805338740349, 511.3805338740349, 1199.2900427430868, 883.5236085578799], [972.4827648606151, 517.1974979806691, 517.1974979806691, 972.4827648606151, 1020.7193540409207], [745.6754869781435, 523.0144620873034, 523.0144620873034, 745.6754869781435, 1157.9150995239615], [420.30968656763434, 1097.348372451961, 1097.348372451961, 420.30968656763434, 406.67669540271163]]}