{"producer_bhp": [[1065.5484000220895, 1175.5963308736682, 1065.5484000220895, 1175.5963308736682, 1065.5484000220895, 1175.5963308736682, 1065.5484000220895, 978.143697232008, 1065.5484000220895, 978.143697232008], [1072.404597979039, 1215.466350875795, 1072.404597979039, 1215.466350875795, 1072.404597979039, 1215.466350875795, 1072.404597979039, 1124.8379597440362, 1072.404597979039, 1124.8379597440362], [1079.2607959359884, 1255.3363708779216, 1079.2607959359884, 1255.3363708779216, 1079.2607959359884, 1255.3363708779216, 1079.2607959359884, 1271.5322222560644, 1079.2607959359884, 1271.5322222560644], [1094.4567325990647, 1078.1248359475285, 1094.4567325990647, 1078.1248359475285, 1094.4567325990647, 1078.1248359475285, 1094.4567325990647, 1172.7251478936523, 1094.4567325990647, 1172.7251478936523], [1109.652669262141, 900.9133010171354, 1109.652669262141, 900.9133010171354, 1109.652669262141, 900.9133010171354, 1109.652669262141, 1073.9180735312402, 1109.652669262141, 1073.9180735312402], [1132.9018712043762, 1250.2586567774415, 1132.9018712043762, 1250.2586567774415, 1132.9018712043762, 1250.2586567774415, 1132.9018712043762, 1189.5210147835314, 1132.9018712043762, 1189.5210147835314]], "injector_rates": [[608.6023846641183, 571.945655811578, 571.945655811578, 608.6023846641183, 805.6189742870629], [661.421842686832, 449.2163078393787, 449.2163078393787, 661.421842686832, 717.8113091737032], [714.2413007095456, 326.4869598671794, 326.4869598671794, 714.2413007095456, 630.0036440603435], [670.1471930835396, 384.24665378406644, 384.24665378406644, 670.1471930835396, 890.6868064776063], [626.0530854575336, 442.0063477009535, 442.0063477009535, 626.0530854575336, 1151.369968894869], [329.63926708325744, 1085.006909351796, 1085.006909351796, 329.63926708325744, 682.5011054053903]]}