{"producer_bhp": [[1248.018433433026, 1038.4829329326749, 1248.018433433026, 1038.4829329326749, 1248.018433433026, 1038.4829329326749, 1248.018433433026, 1335.6978824362159, 1248.018433433026, 1335.6978824362159], [1249.6677963994443, 1214.1156169585884, 1249.6677963994443, 1214.1156169585884, 1249.6677963994443, 1214.1156169585884, 1249.6677963994443, 1211.246657045558, 1249.6677963994443, 1211.246657045558], [1251.3171593658626, 1389.7483009845018, 1251.3171593658626, 1389.7483009845018, 1251.3171593658626, 1389.7483009845018, 1251.3171593658626, 1086.7954316549003, 1251.3171593658626, 1086.7954316549003], [1234.128679241985, 1245.5168209038675, 1234.128679241985, 1245.5168209038675, 1234.128679241985, 1245.5168209038675, 1234.128679241985, 1005.8574405033141, 1234.128679241985, 1005.8574405033141], [1216.9401991181076, 1101.2853408232331, 1216.9401991181076, 1101.2853408232331, 1216.9401991181076, 1101.2853408232331, 1216.9401991181076, 924.919449351728, 1216.9401991181076, 924.919449351728], [1293.7699822708964, 1382.5849113985896, 1293.7699822708964, 1382.5849113985896, 1293.7699822708964, 1382.5849113985896, 1293.7699822708964, 921.7496273107827, 1293.7699822708964, 921.7496273107827]], "injector_rates": [[339.1019898466766, 430.45211965218186, 430.45211965218186, 339.1019898466766, 549.7970206663013], [334.1704204212874, 755.336419120431, 755.336419120431, 334.1704204212874, 498.085213964805], [329.23885099589825, 1080.22071858868, 1080.22071858868, 329.23885099589825, 446.37340726330876], [540.2067131828517, 907.6551869977266, 907.6551869977266, 540.2067131828517, 446.2616781704128], [751.1745753698051, 735.0896554067731, 735.0896554067731, 751.1745753698051, 446.1499490775168], [581.7152693867683, 965.39146900177, 965.39146900177, 581.7152693867683, 441.0714696161449]]}