{"producer_bhp": [[969.0032276324928, 1083.803711552173, 969.0032276324928, 1083.803711552173, 969.0032276324928, 1083.803711552173, 969.0032276324928, 1031.8785841576755, 969.0032276324928, 1031.8785841576755], [957.684580096975, 1043.476685276255, 957.684580096975, 1043.476685276255, 957.684580096975, 1043.476685276255, 957.684580096975, 1127.5221373420209, 957.684580096975, 1127.5221373420209], [946.3659325614572, 1003.1496590003371, 946.3659325614572, 1003.1496590003371, 946.3659325614572, 1003.1496590003371, 946.3659325614572, 1223.1656905263662, 946.3659325614572, 1223.1656905263662], [1114.8998228367418, 1031.1978918965906, 1114.8998228367418, 1031.1978918965906, 1114.8998228367418, 1031.1978918965906, 1114.8998228367418, 1080.0222666934133, 1114.8998228367418, 1080.0222666934133], [1283.4337131120265, 1059.246124792844, 1283.4337131120265, 1059.246124792844, 1283.4337131120265, 1059.246124792844, 1283.4337131120265, 936.8788428604603, 1283.4337131120265, 936.8788428604603], [1120.519709866494, 914.8675008676946, 1120.519709866494, 914.8675008676946, 1120.519709866494, 914.8675008676946, 1120.519709866494, 1252.6966301724315, 1120.519709866494, 1252.6966301724315]], "injector_rates": [[439.7273199632764, 1058.2582840695977, 1058.2582840695977, 439.7273199632764, 841.8557580560446], [501.35894645936787, 932.0294320117682, 932.0294320117682, 501.35894645936787, 981.7158691585064], [562.9905729554594, 805.8005799539387, 805.8005799539387, 562.9905729554594, 1121.5759802609682], [672.3632111214101, 919.5082705467939, 919.5082705467939, 672.3632111214101, 718.0451810359955], [781.7358492873609, 1033.2159611396492, 1033.2159611396492, 781.7358492873609, 314.51438181102276], [971.6529409401119, 887.3563427478075, 887.3563427478075, 971.6529409401119, 311.62732830271125]]}