{"producer_bhp": [[1013.4709883481264, 940.3650500811636, 1013.4709883481264, 940.3650500811636, 1013.4709883481264, 940.3650500811636, 1013.4709883481264, 1018.4413339942694, 1013.4709883481264, 1018.4413339942694], [1122.5406426005065, 941.1082338541746, 1122.5406426005065, 941.1082338541746, 1122.5406426005065, 941.1082338541746, 1122.5406426005065, 1036.1038736067712, 1122.5406426005065, 1036.1038736067712], [1231.6102968528867, 941.8514176271856, 1231.6102968528867, 941.8514176271856, 1231.6102968528867, 941.8514176271856, 1231.6102968528867, 1053.766413219273, 1231.6102968528867, 1053.766413219273], [1155.5137001909316, 983.7890433613211, 1155.5137001909316, 983.7890433613211, 1155.5137001909316, 983.7890433613211, 1155.5137001909316, 1160.7492711395025, 1155.5137001909316, 1160.7492711395025], [1079.4171035289764, 1025.7266690954566, 1079.4171035289764, 1025.7266690954566, 1079.4171035289764, 1025.7266690954566, 1079.4171035289764, 1267.732129059732, 1079.4171035289764, 1267.732129059732], [1164.2816798761487, 1131.576451100409, 1164.2816798761487, 1131.576451100409, 1164.2816798761487, 1131.576451100409, 1164.2816798761487, 1300.1536746509373, 1164.2816798761487, 1300.1536746509373]], "injector_rates": [[478.51997818797827, 848.5772741027176, 848.5772741027176, 478.51997818797827, 1172.4820031784475], [465.9258149564266, 677.7873984072357, 677.7873984072357, 465.9258149564266, 824.4550209492445], [453.331651724875, 506.99752271175385, 506.99752271175385, 453.331651724875, 476.4280387200415], [421.7928957659751, 787.6888466533273, 787.6888466533273, 421.7928957659751, 686.2147650215775], [390.25413980707526, 1068.3801705949008, 1068.3801705949008, 390.25413980707526, 896.0014913231134], [649.7705035842955, 812.3847182840109, 812.3847182840109, 649.7705035842955, 1023.4889008104801]]}