{"producer_bhp": [[1314.0458079054952, 979.5869887806475, 1314.0458079054952, 979.5869887806475, 1314.0458079054952, 979.5869887806475, 1314.0458079054952, 1085.2107401937246, 1314.0458079054952, 1085.2107401937246], [1352.1836487110704, 965.3142833616585, 1352.1836487110704, 965.3142833616585, 1352.1836487110704, 965.3142833616585, 1352.1836487110704, 1113.9760321006179, 1352.1836487110704, 1113.9760321006179], [1390.3214895166457, 951.0415779426694, 1390.3214895166457, 951.0415779426694, 1390.3214895166457, 951.0415779426694, 1390.3214895166457, 1142.7413240075111, 1390.3214895166457, 1142.7413240075111], [1243.3821799699217, 1084.6503864508122, 1243.3821799699217, 1084.6503864508122, 1243.3821799699217, 1084.6503864508122, 1243.3821799699217, 1069.9985899031162, 1243.3821799699217, 1069.9985899031162], [1096.4428704231977, 1218.259194958955, 1096.4428704231977, 1218.259194958955, 1096.4428704231977, 1218.259194958955, 1096.4428704231977, 997.2558557987213, 1096.4428704231977, 997.2558557987213], [1070.8093639463186, 1327.4555072188377, 1070.8093639463186, 1327.4555072188377, 1070.8093639463186, 1327.4555072188377, 1070.8093639463186, 918.9991812221706, 1070.8093639463186, 918.9991812221706]], "injector_rates": [[680.965518951416, 1023.1517286971211, 1023.1517286971211, 680.965518951416, 464.8774182423949], [538.7216209899634, 726.1574815493077, 726.1574815493077, 538.7216209899634, 464.07052176073194], [396.4777230285108, 429.16323440149426, 429.16323440149426, 396.4777230285108, 463.26362527906895], [657.2071531321853, 488.3984601125121, 488.3984601125121, 657.2071531321853, 670.1858701184392], [917.9365832358599, 547.63368582353, 547.63368582353, 917.9365832358599, 877.1081149578094], [391.2471380084753, 461.0152509994805, 461.0152509994805, 391.2471380084753, 1145.1437084935606]]}