{"producer_bhp": [[1227.935234643519, 1173.3344547450542, 1227.935234643519, 1173.3344547450542, 1227.935234643519, 1173.3344547450542, 1227.935234643519, 1275.7699164561927, 1227.935234643519, 1275.7699164561927], [1258.7980864103884, 1038.3906095288694, 1258.7980864103884, 1038.3906095288694, 1258.7980864103884, 1038.3906095288694, 1258.7980864103884, 1242.7461329847574, 1258.7980864103884, 1242.7461329847574], [1289.6609381772578, 903.4467643126845, 1289.6609381772578, 903.4467643126845, 1289.6609381772578, 903.4467643126845, 1289.6609381772578, 1209.7223495133221, 1289.6609381772578, 1209.7223495133221], [1119.7958352044225, 1022.3705580923706, 1119.7958352044225, 1022.3705580923706, 1119.7958352044225, 1022.3705580923706, 1119.7958352044225, 1270.37019059062, 1119.7958352044225, 1270.37019059062], [949.9307322315872, 1141.2943518720567, 949.9307322315872, 1141.2943518720567, 949.9307322315872, 1141.2943518720567, 949.9307322315872, 1331.018031667918, 949.9307322315872, 1331.018031667918], [1244.6201793849468, 1331.3299087807536, 1244.6201793849468, 1331.3299087807536, 1244.6201793849468, 1331.3299087807536, 1244.6201793849468, 1221.0551952943206, 1244.6201793849468, 1221.0551952943206]], "injector_rates": [[1167.1426260843873, 656.3960778526962, 656.3960778526962, 1167.1426260843873, 813.6034905910492], [1155.8446026407182, 777.3267046082765, 777.3267046082765, 1155.8446026407182, 581.0468880459666], [1144.5465791970491, 898.2573313638568, 898.2573313638568, 1144.5465791970491, 348.49028550088406], [773.3966192230582, 759.9361628293991, 759.9361628293991, 773.3966192230582, 351.8035457935184], [402.2466592490673, 621.6149942949414, 621.6149942949414, 402.2466592490673, 355.1168060861528], [1143.1355377659202, 436.7368094623089, 436.7368094623089, 1143.1355377659202, 568.8646291382611]]}