{"producer_bhp": [[950.2594504505396, 1316.7345995083451, 950.2594504505396, 1316.7345995083451, 950.2594504505396, 1316.7345995083451, 950.2594504505396, 1382.848925050348, 950.2594504505396, 1382.848925050348], [999.7424910310656, 1127.4888148531318, 999.7424910310656, 1127.4888148531318, 999.7424910310656, 1127.4888148531318, 999.7424910310656, 1236.1542988568544, 999.7424910310656, 1236.1542988568544], [1049.2255316115916, 938.2430301979184, 1049.2255316115916, 938.2430301979184, 1049.2255316115916, 938.2430301979184, 1049.2255316115916, 1089.4596726633608, 1049.2255316115916, 1089.4596726633608], [1203.0305644497275, 1100.6232331041247, 1203.0305644497275, 1100.6232331041247, 1203.0305644497275, 1100.6232331041247, 1203.0305644497275, 1027.2248718887568, 1203.0305644497275, 1027.2248718887568], [1356.8355972878635, 1263.003436010331, 1356.8355972878635, 1263.003436010331, 1356.8355972878635, 1263.003436010331, 1356.8355972878635, 964.9900711141527, 1356.8355972878635, 964.9900711141527], [1265.0330705568194, 1189.3022396601737, 1265.0330705568194, 1189.3022396601737, 1265.0330705568194, 1189.3022396601737, 1265.0330705568194, 1151.793893519789, 1265.0330705568194, 1151.793893519789]], "injector_rates": [[346.0481300018728, 805.7501594536006, 805.7501594536006, 346.0481300018728, 371.23637180775404], [760.6482775881886, 764.5598305854946, 764.5598305854946, 760.6482775881886, 467.0883103273809], [1175.2484251745045, 723.3695017173886, 723.3695017173886, 1175.2484251745045, 562.9402488470078], [799.408741760999, 942.2888173721731, 942.2888173721731, 799.408741760999, 537.3970305081457], [423.5690583474934, 1161.2081330269575, 1161.2081330269575, 423.5690583474934, 511.85381216928363], [417.175199277699, 639.5609918050468, 639.5609918050468, 417.175199277699, 711.9537795893848]]}