{"producer_bhp": [[1302.9405135661364, 1280.5480296723545, 1302.9405135661364, 1280.5480296723545, 1302.9405135661364, 1280.5480296723545, 1302.9405135661364, 1351.2034454382956, 1302.9405135661364, 1351.2034454382956], [1337.1828956063837, 1333.6013402789831, 1337.1828956063837, 1333.6013402789831, 1337.1828956063837, 1333.6013402789831, 1337.1828956063837, 1136.693879822269, 1337.1828956063837, 1136.693879822269], [1371.425277646631, 1386.6546508856118, 1371.425277646631, 1386.6546508856118, 1371.425277646631, 1386.6546508856118, 1371.425277646631, 922.1843142062426, 1371.425277646631, 922.1843142062426], [1149.4746570009738, 1360.0625345483422, 1149.4746570009738, 1360.0625345483422, 1149.4746570009738, 1360.0625345483422, 1149.4746570009738, 1001.6475902870297, 1149.4746570009738, 1001.6475902870297], [927.5240363553166, 1333.4704182110727, 927.5240363553166, 1333.4704182110727, 927.5240363553166, 1333.4704182110727, 927.5240363553166, 1081.110866367817, 927.5240363553166, 1081.110866367817], [1248.9600359462202, 1017.7984150126576, 1248.9600359462202, 1017.7984150126576, 1248.9600359462202, 1017.7984150126576, 1248.9600359462202, 1282.1896957233548, 1248.9600359462202, 1282.1896957233548]], "injector_rates": [[504.53948099166155, 1043.656947556883, 1043.656947556883, 504.53948099166155, 342.21416283398867], [823.8320804201066, 823.6734365578741, 823.6734365578741, 823.8320804201066, 734.5432873349637], [1143.1246798485518, 603.6899255588651, 603.6899255588651, 1143.1246798485518, 1126.8724118359387], [770.3062978573143, 527.3928573355079, 527.3928573355079, 770.3062978573143, 804.9231958575547], [397.48791586607695, 451.09578911215067, 451.09578911215067, 397.48791586607695, 482.97397987917066], [685.4326416738331, 855.5681283585727, 855.5681283585727, 685.4326416738331, 479.31382739916444]]}