{"producer_bhp": [[1099.8792411759496, 964.7172094322741, 1099.8792411759496, 964.7172094322741, 1099.8792411759496, 964.7172094322741, 1099.8792411759496, 1013.4104263037443, 1099.8792411759496, 1013.4104263037443], [1123.084336379543, 1067.7399221807718, 1123.084336379543, 1067.7399221807718, 1123.084336379543, 1067.7399221807718, 1123.084336379543, 1156.3482362311333, 1123.084336379543, 1156.3482362311333], [1146.2894315831363, 1170.7626349292696, 1146.2894315831363, 1170.7626349292696, 1146.2894315831363, 1170.7626349292696, 1146.2894315831363, 1299.2860461585224, 1146.2894315831363, 1299.2860461585224], [1171.3013314642012, 1171.8470545951277, 1171.3013314642012, 1171.8470545951277, 1171.3013314642012, 1171.8470545951277, 1171.3013314642012, 1310.2798756211996, 1171.3013314642012, 1310.2798756211996], [1196.313231345266, 1172.9314742609859, 1196.313231345266, 1172.9314742609859, 1196.313231345266, 1172.9314742609859, 1196.313231345266, 1321.2737050838768, 1196.313231345266, 1321.2737050838768], [964.5448043942451, 1364.109188877046, 964.5448043942451, 1364.109188877046, 964.5448043942451, 1364.109188877046, 964.5448043942451, 1284.919149801135, 964.5448043942451, 1284.919149801135]], "injector_rates": [[1054.6952795237303, 564.9723415262997, 564.9723415262997, 1054.6952795237303, 1165.8994515426457], [1034.456570399925, 863.387075252831, 863.387075252831, 1034.456570399925, 788.4225318208337], [1014.21786127612, 1161.8018089793622, 1161.8018089793622, 1014.21786127612, 410.9456120990217], [1050.2021582331508, 843.7280258629471, 843.7280258629471, 1050.2021582331508, 574.0720482543111], [1086.1864551901817, 525.654242746532, 525.654242746532, 1086.1864551901817, 737.1984844096005], [628.9704487659037, 471.0424656048417, 471.0424656048417, 628.9704487659037, 966.4460515603423]]}