{"producer_bhp": [[1315.1519360020757, 1384.700281638652, 1315.1519360020757, 1384.700281638652, 1315.1519360020757, 1384.700281638652, 1315.1519360020757, 1113.0516963079572, 1315.1519360020757, 1113.0516963079572], [1169.9107152875513, 1207.0788758341223, 1169.9107152875513, 1207.0788758341223, 1169.9107152875513, 1207.0788758341223, 1169.9107152875513, 1030.9542872477323, 1169.9107152875513, 1030.9542872477323], [1024.669494573027, 1029.4574700295925, 1024.669494573027, 1029.4574700295925, 1024.669494573027, 1029.4574700295925, 1024.669494573027, 948.8568781875074, 1024.669494573027, 948.8568781875074], [1028.3446855377406, 1031.86523783952, 1028.3446855377406, 1031.86523783952, 1028.3446855377406, 1031.86523783952, 1028.3446855377406, 1007.0236817467958, 1028.3446855377406, 1007.0236817467958], [1032.0198765024543, 1034.2730056494474, 1032.0198765024543, 1034.2730056494474, 1032.0198765024543, 1034.2730056494474, 1032.0198765024543, 1065.1904853060842, 1032.0198765024543, 1065.1904853060842], [1223.9572406746447, 1399.206906184554, 1223.9572406746447, 1399.206906184554, 1223.9572406746447, 1399.206906184554, 1223.9572406746447, 1006.7632543854415, 1223.9572406746447, 1006.7632543854415]], "injector_rates": [[995.4995099455118, 898.4605103731155, 898.4605103731155, 995.4995099455118, 999.8115247115493], [807.3835128452629, 1002.8474177699536, 1002.8474177699536, 807.3835128452629, 944.2891682032496], [619.267515745014, 1107.2343251667917, 1107.2343251667917, 619.267515745014, 888.7668116949499], [875.3095383290201, 1050.086238188669, 1050.086238188669, 875.3095383290201, 939.2192772589624], [1131.3515609130263, 992.9381512105465, 992.9381512105465, 1131.3515609130263, 989.6717428229749], [1145.8193988539279, 1072.94170120731, 1072.94170120731, 1145.8193988539279, 462.0537386275828]]}