{"producer_bhp": [[1043.4418391436338, 1102.0446825772524, 1043.4418391436338, 1102.0446825772524, 1043.4418391436338, 1102.0446825772524, 1043.4418391436338, 1184.832984674722, 1043.4418391436338, 1184.832984674722], [1051.4247017912567, 1085.8858449850231, 1051.4247017912567, 1085.8858449850231, 1051.4247017912567, 1085.8858449850231, 1051.4247017912567, 1238.86699215509, 1051.4247017912567, 1238.86699215509], [1059.4075644388795, 1069.727007392794, 1059.4075644388795, 1069.727007392794, 1059.4075644388795, 1069.727007392794, 1059.4075644388795, 1292.900999635458, 1059.4075644388795, 1292.900999635458], [981.4893234055489, 1109.2941361479461, 981.4893234055489, 1109.2941361479461, 981.4893234055489, 1109.2941361479461, 981.4893234055489, 1147.7004721295089, 981.4893234055489, 1147.7004721295089], [903.5710823722184, 1148.8612649030983, 903.5710823722184, 1148.8612649030983, 903.5710823722184, 1148.8612649030983, 903.5710823722184, 1002.4999446235597, 903.5710823722184, 1002.4999446235597], [1186.867945920676, 1067.7129976451397, 1186.867945920676, 1067.7129976451397, 1186.867945920676, 1067.7129976451397, 1186.867945920676, 1083.8990934193134, 1186.867945920676, 1083.8990934193134]], "injector_rates": [[305.99705055356026, 593.3249546214938, 593.3249546214938, 305.99705055356026, 908.9444884099066], [530.5742409545928, 652.9299031477422, 652.9299031477422, 530.5742409545928, 872.7402897085994], [755.1514313556254, 712.5348516739905, 712.5348516739905, 755.1514313556254, 836.5360910072923], [936.7093817330897, 627.4380926974118, 627.4380926974118, 936.7093817330897, 740.5793669633567], [1118.267332110554, 542.3413337208331, 542.3413337208331, 1118.267332110554, 644.6226429194212], [736.7127237841487, 681.4665664918721, 681.4665664918721, 736.7127237841487, 917.550190910697]]}