{"producer_bhp": [[1257.0572631433606, 1349.6961701661348, 1257.0572631433606, 1349.6961701661348, 1257.0572631433606, 1349.6961701661348, 1257.0572631433606, 950.5817476660013, 1257.0572631433606, 950.5817476660013], [1086.3394386600703, 1179.9823503009975, 1086.3394386600703, 1179.9823503009975, 1086.3394386600703, 1179.9823503009975, 1086.3394386600703, 1116.2052413914353, 1086.3394386600703, 1116.2052413914353], [915.62161417678, 1010.2685304358602, 915.62161417678, 1010.2685304358602, 915.62161417678, 1010.2685304358602, 915.62161417678, 1281.8287351168692, 915.62161417678, 1281.8287351168692], [993.0600923020393, 964.6724367979914, 993.0600923020393, 964.6724367979914, 993.0600923020393, 964.6724367979914, 993.0600923020393, 1293.1448601651937, 993.0600923020393, 1293.1448601651937], [1070.4985704272985, 919.0763431601226, 1070.4985704272985, 919.0763431601226, 1070.4985704272985, 919.0763431601226, 1070.4985704272985, 1304.4609852135181, 1070.4985704272985, 1304.4609852135181], [1329.5239690691233, 1088.6270181275904, 1329.5239690691233, 1088.6270181275904, 1329.5239690691233, 1088.6270181275904, 1329.5239690691233, 1261.835916992277, 1329.5239690691233, 1261.835916992277]], "injector_rates": [[553.4212340600789, 695.652421284467, 695.652421284467, 553.4212340600789, 327.77915680781007], [703.7927098106593, 543.6171063221991, 543.6171063221991, 703.7927098106593, 411.4457351155579], [854.1641855612397, 391.58179135993123, 391.58179135993123, 854.1641855612397, 495.11231342330575], [866.2520395126194, 397.2652891650796, 397.2652891650796, 866.2520395126194, 432.8861887101084], [878.339893463999, 402.94878697022796, 402.94878697022796, 878.339893463999, 370.66006399691105], [1171.9585265032947, 497.3265750333667, 497.3265750333667, 1171.9585265032947, 432.7246019616723]]}