{"producer_bhp": [[1006.6607320681214, 1187.2221297584474, 1006.6607320681214, 1187.2221297584474, 1006.6607320681214, 1187.2221297584474, 1006.6607320681214, 1081.5392402932048, 1006.6607320681214, 1081.5392402932048], [1050.8767385967076, 1246.5663713868707, 1050.8767385967076, 1246.5663713868707, 1050.8767385967076, 1246.5663713868707, 1050.8767385967076, 1088.6917389929295, 1050.8767385967076, 1088.6917389929295], [1095.0927451252937, 1305.910613015294, 1095.0927451252937, 1305.910613015294, 1095.0927451252937, 1305.910613015294, 1095.0927451252937, 1095.8442376926541, 1095.0927451252937, 1095.8442376926541], [1122.073669778183, 1178.1983753666282, 1122.073669778183, 1178.1983753666282, 1122.073669778183, 1178.1983753666282, 1122.073669778183, 1187.9152677487582, 1122.073669778183, 1187.9152677487582], [1149.0545944310725, 1050.4861377179623, 1149.0545944310725, 1050.4861377179623, 1149.0545944310725, 1050.4861377179623, 1149.0545944310725, 1279.9862978048623, 1149.0545944310725, 1279.9862978048623], [917.6526275463402, 986.6598500870168, 917.6526275463402, 986.6598500870168, 917.6526275463402, 986.6598500870168, 917.6526275463402, 954.3764759786427, 917.6526275463402, 954.3764759786427]], "injector_rates": [[1066.496683191508, 834.07873660326, 834.07873660326, 1066.496683191508, 578.5363303497434], [997.2751901485026, 1003.1516024842858, 1003.1516024842858, 997.2751901485026, 801.1111486237496], [928.0536971054971, 1172.2244683653116, 1172.2244683653116, 928.0536971054971, 1023.6859668977559], [649.6652340050787, 1158.3589124958962, 1158.3589124958962, 649.6652340050787, 721.8269545119256], [371.2767709046602, 1144.4933566264808, 1144.4933566264808, 371.2767709046602, 419.9679421260953], [303.50052835419774, 513.3742969483137, 513.3742969483137, 303.50052835419774, 662.3866156674922]]}