{"producer_bhp": [[1180.6664425879717, 957.0642747916281, 1180.6664425879717, 957.0642747916281, 1180.6664425879717, 957.0642747916281, 1180.6664425879717, 1072.663001343608, 1180.6664425879717, 1072.663001343608], [1084.1340186074376, 1059.3265102710575, 1084.1340186074376, 1059.3265102710575, 1084.1340186074376, 1059.3265102710575, 1084.1340186074376, 1234.9804955068976, 1084.1340186074376, 1234.9804955068976], [987.6015946269035, 1161.5887457504869, 987.6015946269035, 1161.5887457504869, 987.6015946269035, 1161.5887457504869, 987.6015946269035, 1397.2979896701872, 987.6015946269035, 1397.2979896701872], [1108.8359536137432, 1133.3956162910908, 1108.8359536137432, 1133.3956162910908, 1108.8359536137432, 1133.3956162910908, 1108.8359536137432, 1236.7753019556403, 1108.8359536137432, 1236.7753019556403], [1230.0703126005828, 1105.2024868316948, 1230.0703126005828, 1105.2024868316948, 1230.0703126005828, 1105.2024868316948, 1230.0703126005828, 1076.2526142410934, 1230.0703126005828, 1076.2526142410934], [1371.1283100768924, 1028.5856571048498, 1371.1283100768924, 1028.5856571048498, 1371.1283100768924, 1028.5856571048498, 1371.1283100768924, 900.600234605372, 1371.1283100768924, 900.600234605372]], "injector_rates": [[778.8016760721803, 394.57611981779337, 394.57611981779337, 778.8016760721803, 414.3529336899519], [982.0112407207489, 761.239349283278, 761.239349283278, 982.0112407207489, 363.8899161480367], [1185.2208053693175, 1127.9025787487626, 1127.9025787487626, 1185.2208053693175, 313.42689860612154], [928.5576016176492, 1102.0998990163207, 1102.0998990163207, 928.5576016176492, 507.07597522996366], [671.8943978659809, 1076.2972192838788, 1076.2972192838788, 671.8943978659809, 700.7250518538058], [437.48094476759434, 795.1072479598224, 795.1072479598224, 437.48094476759434, 750.8613587357104]]}