{"producer_bhp": [[1125.8208463899791, 1361.363777052611, 1125.8208463899791, 1361.363777052611, 1125.8208463899791, 1361.363777052611, 1125.8208463899791, 973.0576091445982, 1125.8208463899791, 973.0576091445982], [1022.9500090703368, 1241.654922813177, 1022.9500090703368, 1241.654922813177, 1022.9500090703368, 1241.654922813177, 1022.9500090703368, 949.5882327668369, 1022.9500090703368, 949.5882327668369], [920.0791717506945, 1121.946068573743, 920.0791717506945, 1121.946068573743, 920.0791717506945, 1121.946068573743, 920.0791717506945, 926.1188563890755, 920.0791717506945, 926.1188563890755], [953.3865746110678, 1158.6537525057793, 953.3865746110678, 1158.6537525057793, 953.3865746110678, 1158.6537525057793, 953.3865746110678, 920.7401888910681, 953.3865746110678, 920.7401888910681], [986.693977471441, 1195.3614364378154, 986.693977471441, 1195.3614364378154, 986.693977471441, 1195.3614364378154, 986.693977471441, 915.3615213930607, 986.693977471441, 915.3615213930607], [1073.60073979944, 1287.4330734834075, 1073.60073979944, 1287.4330734834075, 1073.60073979944, 1287.4330734834075, 1073.60073979944, 1107.698931451887, 1073.60073979944, 1107.698931451887]], "injector_rates": [[451.4334683306515, 339.0350385569036, 339.0350385569036, 451.4334683306515, 424.2279748432338], [465.89289754629135, 549.6007001493126, 549.6007001493126, 465.89289754629135, 467.4089964944869], [480.3523267619312, 760.1663617417216, 760.1663617417216, 480.3523267619312, 510.59001814574003], [507.73334903642535, 699.8677348718047, 699.8677348718047, 507.73334903642535, 564.1914662439376], [535.1143713109195, 639.5691080018878, 639.5691080018878, 535.1143713109195, 617.7929143421352], [1095.8533368073404, 901.259651966393, 901.259651966393, 1095.8533368073404, 1065.6854800879955]]}