{"producer_bhp": [[1272.4029664881527, 1277.466233447194, 1272.4029664881527, 1277.466233447194, 1272.4029664881527, 1277.466233447194, 1272.4029664881527, 1273.5745940357447, 1272.4029664881527, 1273.5745940357447], [1205.2971488796175, 1120.4647602047771, 1205.2971488796175, 1120.4647602047771, 1205.2971488796175, 1120.4647602047771, 1205.2971488796175, 1201.3976726215333, 1205.2971488796175, 1201.3976726215333], [1138.1913312710822, 963.4632869623601, 1138.1913312710822, 963.4632869623601, 1138.1913312710822, 963.4632869623601, 1138.1913312710822, 1129.2207512073219, 1138.1913312710822, 1129.2207512073219], [1150.0671891029924, 1035.6035450007766, 1150.0671891029924, 1035.6035450007766, 1150.0671891029924, 1035.6035450007766, 1150.0671891029924, 1125.9721048176289, 1150.0671891029924, 1125.9721048176289], [1161.9430469349027, 1107.7438030391932, 1161.9430469349027, 1107.7438030391932, 1161.9430469349027, 1107.7438030391932, 1161.9430469349027, 1122.7234584279358, 1161.9430469349027, 1122.7234584279358], [1040.335748437792, 1239.5595806650817, 1040.335748437792, 1239.5595806650817, 1040.335748437792, 1239.5595806650817, 1040.335748437792, 1329.848161060363, 1040.335748437792, 1329.848161060363]], "injector_rates": [[1101.1046854779124, 465.17231203615665, 465.17231203615665, 1101.1046854779124, 1144.1344770602882], [956.1572029720992, 437.22670446150005, 437.22670446150005, 956.1572029720992, 1098.8209152594209], [811.209720466286, 409.28109688684344, 409.28109688684344, 811.209720466286, 1053.5073534585536], [804.7725256998092, 497.8739070240408, 497.8739070240408, 804.7725256998092, 961.5887470543385], [798.3353309333324, 586.4667171612382, 586.4667171612382, 798.3353309333324, 869.6701406501234], [481.5287444740534, 357.2878137230873, 357.2878137230873, 481.5287444740534, 760.5250032618642]]}