{"producer_bhp": [[960.1243916898966, 911.3162500783801, 960.1243916898966, 911.3162500783801, 960.1243916898966, 911.3162500783801, 960.1243916898966, 1284.6518085338175, 960.1243916898966, 1284.6518085338175], [1063.5787005070597, 979.8719855956733, 1063.5787005070597, 979.8719855956733, 1063.5787005070597, 979.8719855956733, 1063.5787005070597, 1096.520286379382, 1063.5787005070597, 1096.520286379382], [1167.0330093242228, 1048.4277211129665, 1167.0330093242228, 1048.4277211129665, 1167.0330093242228, 1048.4277211129665, 1167.0330093242228, 908.3887642249465, 1167.0330093242228, 908.3887642249465], [1235.5825976468623, 1067.5600823946297, 1235.5825976468623, 1067.5600823946297, 1235.5825976468623, 1067.5600823946297, 1235.5825976468623, 970.7159822341055, 1235.5825976468623, 970.7159822341055], [1304.1321859695017, 1086.692443676293, 1304.1321859695017, 1086.692443676293, 1304.1321859695017, 1086.692443676293, 1304.1321859695017, 1033.0432002432644, 1304.1321859695017, 1033.0432002432644], [1041.2083911709487, 1246.4055848307908, 1041.2083911709487, 1246.4055848307908, 1041.2083911709487, 1246.4055848307908, 1041.2083911709487, 1274.9451623298228, 1041.2083911709487, 1274.9451623298228]], "injector_rates": [[878.5497914068401, 1116.7686679400504, 1116.7686679400504, 878.5497914068401, 1191.8151704594493], [915.0519244372845, 1034.1062378603965, 1034.1062378603965, 915.0519244372845, 1090.0163282174617], [951.5540574677289, 951.4438077807426, 951.4438077807426, 951.5540574677289, 988.2174859754741], [795.5977326259017, 835.9819361474365, 835.9819361474365, 795.5977326259017, 806.3313006889075], [639.6414077840745, 720.5200645141304, 720.5200645141304, 639.6414077840745, 624.4451154023409], [1003.8756757043302, 829.1180773638189, 829.1180773638189, 1003.8756757043302, 902.2786189801991]]}