{"producer_bhp": [[970.6129255704582, 1178.4311682917178, 970.6129255704582, 1178.4311682917178, 970.6129255704582, 1178.4311682917178, 970.6129255704582, 1119.2648467607796, 970.6129255704582, 1119.2648467607796], [1141.7369505856186, 1145.3944778535515, 1141.7369505856186, 1145.3944778535515, 1141.7369505856186, 1145.3944778535515, 1141.7369505856186, 1197.3714787513018, 1141.7369505856186, 1197.3714787513018], [1312.860975600779, 1112.3577874153852, 1312.860975600779, 1112.3577874153852, 1312.860975600779, 1112.3577874153852, 1312.860975600779, 1275.478110741824, 1312.860975600779, 1275.478110741824], [1328.466364974156, 1185.641411319375, 1328.466364974156, 1185.641411319375, 1328.466364974156, 1185.641411319375, 1328.466364974156, 1204.657936329022, 1328.466364974156, 1204.657936329022], [1344.071754347533, 1258.9250352233648, 1344.071754347533, 1258.9250352233648, 1344.071754347533, 1258.9250352233648, 1344.071754347533, 1133.8377619162202, 1344.071754347533, 1133.8377619162202], [1154.5022843405604, 968.1135798804462, 1154.5022843405604, 968.1135798804462, 1154.5022843405604, 968.1135798804462, 1154.5022843405604, 1172.5165477022529, 1154.5022843405604, 1172.5165477022529]], "injector_rates": [[799.9745210632682, 919.2780263721943, 919.2780263721943, 799.9745210632682, 707.0436146110296], [570.0884150806814, 748.5003396403044, 748.5003396403044, 570.0884150806814, 673.5461813863367], [340.2023090980947, 577.7226529084146, 577.7226529084146, 340.2023090980947, 640.0487481616437], [676.4635099098086, 586.3338233437389, 586.3338233437389, 676.4635099098086, 646.1009264923632], [1012.7247107215226, 594.9449937790632, 594.9449937790632, 1012.7247107215226, 652.1531048230827], [603.862944804132, 584.8598040640354, 584.8598040640354, 603.862944804132, 1077.6632205583155]]}