{"producer_bhp": [[1242.991326469928, 1237.0336554944515, 1242.991326469928, 1237.0336554944515, 1242.991326469928, 1237.0336554944515, 1242.991326469928, 1100.7148447446525, 1242.991326469928, 1100.7148447446525], [1252.686567697674, 1093.6961149331182, 1252.686567697674, 1093.6961149331182, 1252.686567697674, 1093.6961149331182, 1252.686567697674, 1040.0934518314898, 1252.686567697674, 1040.0934518314898], [1262.38180892542, 950.3585743717849, 1262.38180892542, 950.3585743717849, 1262.38180892542, 950.3585743717849, 1262.38180892542, 979.4720589183271, 1262.38180892542, 979.4720589183271], [1277.260469365865, 948.6924310680479, 1277.260469365865, 948.6924310680479, 1277.260469365865, 948.6924310680479, 1277.260469365865, 1035.1460295263678, 1277.260469365865, 1035.1460295263678], [1292.13912980631, 947.0262877643108, 1292.13912980631, 947.0262877643108, 1292.13912980631, 947.0262877643108, 1292.13912980631, 1090.8200001344085, 1292.13912980631, 1090.8200001344085], [986.4451196976006, 934.4104375690222, 986.4451196976006, 934.4104375690222, 986.4451196976006, 934.4104375690222, 986.4451196976006, 1277.3715775460005, 986.4451196976006, 1277.3715775460005]], "injector_rates": [[628.4413025714457, 508.05384535342455, 508.05384535342455, 628.4413025714457, 658.2964086905122], [908.8521458208561, 711.9915065355599, 711.9915065355599, 908.8521458208561, 895.5431948415935], [1189.2629890702665, 915.9291677176952, 915.9291677176952, 1189.2629890702665, 1132.7899809926748], [836.3371063023806, 648.8892156165093, 648.8892156165093, 836.3371063023806, 1042.8960476070642], [483.41122353449464, 381.8492635153234, 381.8492635153234, 483.41122353449464, 953.0021142214537], [428.20795560255647, 351.19185503572226, 351.19185503572226, 428.20795560255647, 1127.1161374635994]]}