{"producer_bhp": [[1141.9845331460238, 1297.0493669621646, 1141.9845331460238, 1297.0493669621646, 1141.9845331460238, 1297.0493669621646, 1141.9845331460238, 1157.3794149793684, 1141.9845331460238, 1157.3794149793684], [1134.565005870536, 1201.7111287917942, 1134.565005870536, 1201.7111287917942, 1134.565005870536, 1201.7111287917942, 1134.565005870536, 1211.780173331499, 1134.565005870536, 1211.780173331499], [1127.1454785950482, 1106.3728906214237, 1127.1454785950482, 1106.3728906214237, 1127.1454785950482, 1106.3728906214237, 1127.1454785950482, 1266.1809316836298, 1127.1454785950482, 1266.1809316836298], [1260.8484449796379, 1242.0805456116796, 1260.8484449796379, 1242.0805456116796, 1260.8484449796379, 1242.0805456116796, 1260.8484449796379, 1265.4643865302205, 1260.8484449796379, 1265.4643865302205], [1394.5514113642275, 1377.7882006019354, 1394.5514113642275, 1377.7882006019354, 1394.5514113642275, 1377.7882006019354, 1394.5514113642275, 1264.7478413768113, 1394.5514113642275, 1264.7478413768113], [1284.4200591556728, 921.6434020549059, 1284.4200591556728, 921.6434020549059, 1284.4200591556728, 921.6434020549059, 1284.4200591556728, 929.2969909496605, 1284.4200591556728, 929.2969909496605]], "injector_rates": [[752.969310991466, 600.3051353618503, 600.3051353618503, 752.969310991466, 1047.6633698679507], [638.1400211714208, 689.1951556317508, 689.1951556317508, 638.1400211714208, 1058.4470591973513], [523.3107313513756, 778.0851759016514, 778.0851759016514, 523.3107313513756, 1069.230748526752], [601.2675714679062, 617.5258522387594, 617.5258522387594, 601.2675714679062, 1100.2808257006109], [679.2244115844369, 456.9665285758674, 456.9665285758674, 679.2244115844369, 1131.3309028744698], [446.84372171759605, 762.0450463145971, 762.0450463145971, 446.84372171759605, 746.3383689522743]]}