{"producer_bhp": [[1037.6466262154281, 1182.4303656816483, 1037.6466262154281, 1182.4303656816483, 1037.6466262154281, 1182.4303656816483, 1037.6466262154281, 909.1838273219764, 1037.6466262154281, 909.1838273219764], [1198.5964168328792, 1063.2147054187953, 1198.5964168328792, 1063.2147054187953, 1198.5964168328792, 1063.2147054187953, 1198.5964168328792, 930.2357412874699, 1198.5964168328792, 930.2357412874699], [1359.5462074503303, 943.9990451559424, 1359.5462074503303, 943.9990451559424, 1359.5462074503303, 943.9990451559424, 1359.5462074503303, 951.2876552529633, 1359.5462074503303, 951.2876552529633], [1371.528860507533, 1166.8657165486366, 1371.528860507533, 1166.8657165486366, 1371.528860507533, 1166.8657165486366, 1371.528860507533, 1156.3559880945832, 1371.528860507533, 1156.3559880945832], [1383.5115135647357, 1389.7323879413307, 1383.5115135647357, 1389.7323879413307, 1383.5115135647357, 1389.7323879413307, 1383.5115135647357, 1361.424320936203, 1383.5115135647357, 1361.424320936203], [1393.11228049919, 1270.761758647859, 1393.11228049919, 1270.761758647859, 1393.11228049919, 1270.761758647859, 1393.11228049919, 908.6396643891931, 1393.11228049919, 908.6396643891931]], "injector_rates": [[313.9269000850618, 674.7215551324189, 674.7215551324189, 313.9269000850618, 929.7421040944755], [665.7643110025674, 799.2553194053471, 799.2553194053471, 665.7643110025674, 1038.0544843152165], [1017.601721920073, 923.7890836782753, 923.7890836782753, 1017.601721920073, 1146.3668645359576], [887.7784369513392, 857.4907466769218, 857.4907466769218, 887.7784369513392, 1039.7962023038417], [757.9551519826055, 791.1924096755683, 791.1924096755683, 757.9551519826055, 933.2255400717258], [633.9600574225187, 929.2676917277277, 929.2676917277277, 633.9600574225187, 1055.5763700976968]]}