{"producer_bhp": [[1108.6367812007666, 1225.2477659843862, 1108.6367812007666, 1225.2477659843862, 1108.6367812007666, 1225.2477659843862, 1108.6367812007666, 1076.3157797977328, 1108.6367812007666, 1076.3157797977328], [1180.2913973573595, 1140.8687917049974, 1180.2913973573595, 1140.8687917049974, 1180.2913973573595, 1140.8687917049974, 1180.2913973573595, 1213.3202020544559, 1180.2913973573595, 1213.3202020544559], [1251.9460135139525, 1056.4898174256086, 1251.9460135139525, 1056.4898174256086, 1251.9460135139525, 1056.4898174256086, 1251.9460135139525, 1350.324624311179, 1251.9460135139525, 1350.324624311179], [1251.6885179560632, 1110.01251693815, 1251.6885179560632, 1110.01251693815, 1251.6885179560632, 1110.01251693815, 1251.6885179560632, 1290.6738788355142, 1251.6885179560632, 1290.6738788355142], [1251.4310223981738, 1163.5352164506912, 1251.4310223981738, 1163.5352164506912, 1251.4310223981738, 1163.5352164506912, 1251.4310223981738, 1231.0231333598495, 1251.4310223981738, 1231.0231333598495], [1242.3627032898366, 1258.0333734862506, 1242.3627032898366, 1258.0333734862506, 1242.3627032898366, 1258.0333734862506, 1242.3627032898366, 935.4296546429396, 1242.3627032898366, 935.4296546429396]], "injector_rates": [[519.4349468685687, 527.6222683489323, 527.6222683489323, 519.4349468685687, 529.7589562833309], [554.0777638088912, 511.988273402676, 511.988273402676, 554.0777638088912, 809.4602433498949], [588.7205807492137, 496.3542784564197, 496.3542784564197, 588.7205807492137, 1089.1615304164588], [814.0121859032661, 585.5369046796113, 585.5369046796113, 814.0121859032661, 1130.1037008874118], [1039.3037910573184, 674.719530902803, 674.719530902803, 1039.3037910573184, 1171.0458713583648], [518.209180701524, 854.2761811986566, 854.2761811986566, 518.209180701524, 381.9573833607137]]}