{"producer_bhp": [[1218.5457582585514, 984.3186927959323, 1218.5457582585514, 984.3186927959323, 1218.5457582585514, 984.3186927959323, 1218.5457582585514, 912.8400684334338, 1218.5457582585514, 912.8400684334338], [1172.1954681910574, 1133.041340019554, 1172.1954681910574, 1133.041340019554, 1172.1954681910574, 1133.041340019554, 1172.1954681910574, 908.6755529046059, 1172.1954681910574, 908.6755529046059], [1125.8451781235635, 1281.7639872431755, 1125.8451781235635, 1281.7639872431755, 1125.8451781235635, 1281.7639872431755, 1125.8451781235635, 904.511037375778, 1125.8451781235635, 904.511037375778], [1243.9976328518242, 1111.6355928592384, 1243.9976328518242, 1111.6355928592384, 1243.9976328518242, 1111.6355928592384, 1243.9976328518242, 932.993788830936, 1243.9976328518242, 932.993788830936], [1362.1500875800848, 941.5071984753013, 1362.1500875800848, 941.5071984753013, 1362.1500875800848, 941.5071984753013, 1362.1500875800848, 961.476540286094, 1362.1500875800848, 961.476540286094], [1216.4417343214154, 1047.1071527339518, 1216.4417343214154, 1047.1071527339518, 1216.4417343214154, 1047.1071527339518, 1216.4417343214154, 942.9769288748503, 1216.4417343214154, 942.9769288748503]], "injector_rates": [[938.7128200381994, 471.58263316378, 471.58263316378, 938.7128200381994, 1041.7428008280694], [798.2832415960729, 578.7866873200983, 578.7866873200983, 798.2832415960729, 704.4331106822938], [657.8536631539464, 685.9907414764166, 685.9907414764166, 657.8536631539464, 367.1234205365181], [580.4522322490811, 601.8804365303367, 601.8804365303367, 580.4522322490811, 421.7159469611943], [503.05080134421587, 517.7701315842569, 517.7701315842569, 503.05080134421587, 476.30847338587046], [552.9699590988457, 874.8104324564338, 874.8104324564338, 552.9699590988457, 530.6326825171709]]}