{"producer_bhp": [[1382.7694492414594, 1013.0229299888015, 1382.7694492414594, 1013.0229299888015, 1382.7694492414594, 1013.0229299888015, 1382.7694492414594, 1225.2464071847498, 1382.7694492414594, 1225.2464071847498], [1354.7453438863158, 1023.5934568103403, 1354.7453438863158, 1023.5934568103403, 1354.7453438863158, 1023.5934568103403, 1354.7453438863158, 1116.064844513312, 1354.7453438863158, 1116.064844513312], [1326.7212385311723, 1034.163983631879, 1326.7212385311723, 1034.163983631879, 1326.7212385311723, 1034.163983631879, 1326.7212385311723, 1006.8832818418741, 1326.7212385311723, 1006.8832818418741], [1349.333232594654, 1151.8803304992616, 1349.333232594654, 1151.8803304992616, 1349.333232594654, 1151.8803304992616, 1349.333232594654, 1150.2909086178988, 1349.333232594654, 1150.2909086178988], [1371.9452266581357, 1269.5966773666441, 1371.9452266581357, 1269.5966773666441, 1371.9452266581357, 1269.5966773666441, 1371.9452266581357, 1293.6985353939235, 1371.9452266581357, 1293.6985353939235], [1197.7889110334218, 956.8108609877527, 1197.7889110334218, 956.8108609877527, 1197.7889110334218, 956.8108609877527, 1197.7889110334218, 1139.5209087990224, 1197.7889110334218, 1139.5209087990224]], "injector_rates": [[1179.0543255396187, 953.6199694499373, 953.6199694499373, 1179.0543255396187, 452.51497691497207], [981.6158852074295, 920.479912078008, 920.479912078008, 981.6158852074295, 769.3281477782875], [784.1774448752403, 887.3398547060788, 887.3398547060788, 784.1774448752403, 1086.141318641603], [919.9304720386863, 1007.4341649189591, 1007.4341649189591, 919.9304720386863, 837.0560715906322], [1055.6834992021322, 1127.5284751318395, 1127.5284751318395, 1055.6834992021322, 587.9708245396614], [928.4078115597367, 450.9968591853976, 450.9968591853976, 928.4078115597367, 830.848272331059]]}