{"producer_bhp": [[1167.0938838273287, 1301.6305734403431, 1167.0938838273287, 1301.6305734403431, 1167.0938838273287, 1301.6305734403431, 1167.0938838273287, 1110.2176370099187, 1167.0938838273287, 1110.2176370099187], [1260.1317452266812, 1317.1423132065684, 1260.1317452266812, 1317.1423132065684, 1260.1317452266812, 1317.1423132065684, 1260.1317452266812, 1157.2943195700645, 1260.1317452266812, 1157.2943195700645], [1353.1696066260338, 1332.6540529727936, 1353.1696066260338, 1332.6540529727936, 1353.1696066260338, 1332.6540529727936, 1353.1696066260338, 1204.3710021302104, 1353.1696066260338, 1204.3710021302104], [1267.1594199258834, 1256.3339868560433, 1267.1594199258834, 1256.3339868560433, 1267.1594199258834, 1256.3339868560433, 1267.1594199258834, 1114.0964537393302, 1267.1594199258834, 1114.0964537393302], [1181.149233225733, 1180.013920739293, 1181.149233225733, 1180.013920739293, 1181.149233225733, 1180.013920739293, 1181.149233225733, 1023.82190534845, 1181.149233225733, 1023.82190534845], [907.0672291330993, 1096.4608505368233, 907.0672291330993, 1096.4608505368233, 907.0672291330993, 1096.4608505368233, 907.0672291330993, 1023.7583877518773, 907.0672291330993, 1023.7583877518773]], "injector_rates": [[418.5551790520549, 740.9645698964596, 740.9645698964596, 418.5551790520549, 1008.1557881087065], [686.9644889608026, 594.9585892260075, 594.9585892260075, 686.9644889608026, 898.1493058148772], [955.3737988695502, 448.95260855555534, 448.95260855555534, 955.3737988695502, 788.1428235210478], [702.3213639389724, 542.7467274013907, 542.7467274013907, 702.3213639389724, 575.6025615613908], [449.2689290083945, 636.540846247226, 636.540846247226, 449.2689290083945, 363.0622996017337], [1025.8919664658606, 731.5942785702646, 731.5942785702646, 1025.8919664658606, 631.3974841497838]]}