{"producer_bhp": [[998.4149347059429, 1001.2528189457953, 998.4149347059429, 1001.2528189457953, 998.4149347059429, 1001.2528189457953, 998.4149347059429, 1200.8166905492544, 998.4149347059429, 1200.8166905492544], [1159.9138740915805, 963.7139787431806, 1159.9138740915805, 963.7139787431806, 1159.9138740915805, 963.7139787431806, 1159.9138740915805, 1293.179894424975, 1159.9138740915805, 1293.179894424975], [1321.4128134772182, 926.175138540566, 1321.4128134772182, 926.175138540566, 1321.4128134772182, 926.175138540566, 1321.4128134772182, 1385.5430983006954, 1321.4128134772182, 1385.5430983006954], [1246.0003612563014, 948.0226331856102, 1246.0003612563014, 948.0226331856102, 1246.0003612563014, 948.0226331856102, 1246.0003612563014, 1144.0921382512897, 1246.0003612563014, 1144.0921382512897], [1170.5879090353847, 969.8701278306544, 1170.5879090353847, 969.8701278306544, 1170.5879090353847, 969.8701278306544, 1170.5879090353847, 902.641178201884, 1170.5879090353847, 902.641178201884], [953.7065020762384, 1266.884496062994, 953.7065020762384, 1266.884496062994, 953.7065020762384, 1266.884496062994, 953.7065020762384, 1231.4776732586324, 953.7065020762384, 1231.4776732586324]], "injector_rates": [[838.0600375123322, 983.7316196411848, 983.7316196411848, 838.0600375123322, 355.6061332114041], [638.1710342131555, 754.3128789402544, 754.3128789402544, 638.1710342131555, 698.7291580997407], [438.2820309139788, 524.8941382393241, 524.8941382393241, 438.2820309139788, 1041.8521829880774], [454.5244715642184, 677.4159086868167, 677.4159086868167, 454.5244715642184, 726.4401767402887], [470.766912214458, 829.9376791343093, 829.9376791343093, 470.766912214458, 411.02817049250007], [893.6060523614287, 953.3262910321355, 953.3262910321355, 893.6060523614287, 676.0074555873871]]}