{"producer_bhp": [[1056.7196841351688, 989.3810354173183, 1056.7196841351688, 989.3810354173183, 1056.7196841351688, 989.3810354173183, 1056.7196841351688, 1366.7081916704774, 1056.7196841351688, 1366.7081916704774], [1212.6444204244763, 1061.2521968781948, 1212.6444204244763, 1061.2521968781948, 1212.6444204244763, 1061.2521968781948, 1212.6444204244763, 1167.4338929355145, 1212.6444204244763, 1167.4338929355145], [1368.5691567137837, 1133.1233583390713, 1368.5691567137837, 1133.1233583390713, 1368.5691567137837, 1133.1233583390713, 1368.5691567137837, 968.1595942005515, 1368.5691567137837, 968.1595942005515], [1288.9245796017349, 1124.7053342871368, 1288.9245796017349, 1124.7053342871368, 1288.9245796017349, 1124.7053342871368, 1288.9245796017349, 1085.3114056866616, 1288.9245796017349, 1085.3114056866616], [1209.280002489686, 1116.2873102352023, 1209.280002489686, 1116.2873102352023, 1209.280002489686, 1116.2873102352023, 1209.280002489686, 1202.4632171727717, 1209.280002489686, 1202.4632171727717], [1097.816931642592, 971.9298315234482, 1097.816931642592, 971.9298315234482, 1097.816931642592, 971.9298315234482, 1097.816931642592, 974.9231572262943, 1097.816931642592, 974.9231572262943]], "injector_rates": [[373.13454262912273, 387.17340314760804, 387.17340314760804, 373.13454262912273, 1028.523381985724], [730.5660478770733, 681.8111310247332, 681.8111310247332, 730.5660478770733, 782.056237058714], [1087.9975531250238, 976.4488589018583, 976.4488589018583, 1087.9975531250238, 535.5890921317041], [905.6683222297579, 776.9703077618033, 776.9703077618033, 905.6683222297579, 782.7724111732095], [723.339091334492, 577.4917566217482, 577.4917566217482, 723.339091334492, 1029.955730214715], [863.5123562067747, 617.0482945628464, 617.0482945628464, 863.5123562067747, 641.6313688270748]]}