{"producer_bhp": [[1206.7083288915455, 901.402126159519, 1206.7083288915455, 901.402126159519, 1206.7083288915455, 901.402126159519, 1206.7083288915455, 1128.1991704367101, 1206.7083288915455, 1128.1991704367101], [1206.0476153623313, 938.3267507422715, 1206.0476153623313, 938.3267507422715, 1206.0476153623313, 938.3267507422715, 1206.0476153623313, 1102.870675129816, 1206.0476153623313, 1102.870675129816], [1205.386901833117, 975.2513753250241, 1205.386901833117, 975.2513753250241, 1205.386901833117, 975.2513753250241, 1205.386901833117, 1077.5421798229218, 1205.386901833117, 1077.5421798229218], [1103.6261537577957, 1082.0112296845764, 1103.6261537577957, 1082.0112296845764, 1103.6261537577957, 1082.0112296845764, 1103.6261537577957, 1222.2069209441543, 1103.6261537577957, 1222.2069209441543], [1001.8654056824744, 1188.7710840441287, 1001.8654056824744, 1188.7710840441287, 1001.8654056824744, 1188.7710840441287, 1001.8654056824744, 1366.8716620653868, 1001.8654056824744, 1366.8716620653868], [1139.1388011164963, 1054.9424156546593, 1139.1388011164963, 1054.9424156546593, 1139.1388011164963, 1054.9424156546593, 1139.1388011164963, 1181.4855189062655, 1139.1388011164963, 1181.4855189062655]], "injector_rates": [[1073.449274059385, 515.0408925488591, 515.0408925488591, 1073.449274059385, 400.0379355624318], [802.7524920646101, 572.0428896602243, 572.0428896602243, 802.7524920646101, 657.0944462902844], [532.0557100698352, 629.0448867715895, 629.0448867715895, 532.0557100698352, 914.150957018137], [738.0763672292233, 687.7861174754798, 687.7861174754798, 738.0763672292233, 705.1775213330984], [944.0970243886113, 746.5273481793702, 746.5273481793702, 944.0970243886113, 496.20408564805984], [699.1809292696416, 1092.3781125806272, 1092.3781125806272, 699.1809292696416, 504.2528928257525]]}