{"producer_bhp": [[1301.8741217441857, 1248.8435097970068, 1301.8741217441857, 1248.8435097970068, 1301.8741217441857, 1248.8435097970068, 1301.8741217441857, 935.5595913715661, 1301.8741217441857, 935.5595913715661], [1227.5286792777479, 1172.0388346351683, 1227.5286792777479, 1172.0388346351683, 1227.5286792777479, 1172.0388346351683, 1227.5286792777479, 1154.8871519975364, 1227.5286792777479, 1154.8871519975364], [1153.18323681131, 1095.2341594733298, 1153.18323681131, 1095.2341594733298, 1153.18323681131, 1095.2341594733298, 1153.18323681131, 1374.2147126235068, 1153.18323681131, 1374.2147126235068], [1241.5191806852818, 1081.025044992566, 1241.5191806852818, 1081.025044992566, 1241.5191806852818, 1081.025044992566, 1241.5191806852818, 1381.4518729690462, 1241.5191806852818, 1381.4518729690462], [1329.8551245592535, 1066.8159305118024, 1329.8551245592535, 1066.8159305118024, 1329.8551245592535, 1066.8159305118024, 1329.8551245592535, 1388.6890333145857, 1329.8551245592535, 1388.6890333145857], [1061.0536873340607, 1178.4846709109843, 1061.0536873340607, 1178.4846709109843, 1061.0536873340607, 1178.4846709109843, 1061.0536873340607, 1054.0372967720032, 1061.0536873340607, 1054.0372967720032]], "injector_rates": [[1033.632069826126, 1093.1864968501031, 1093.1864968501031, 1033.632069826126, 880.108190048486], [771.4298953302205, 838.3399960119277, 838.3399960119277, 771.4298953302205, 809.6089835744351], [509.2277208343148, 583.4934951737523, 583.4934951737523, 509.2277208343148, 739.1097771003842], [624.0372352302074, 805.7968550361693, 805.7968550361693, 624.0372352302074, 705.0812405068427], [738.8467496261001, 1028.1002148985863, 1028.1002148985863, 738.8467496261001, 671.0527039133012], [457.866074424237, 1134.8052092827857, 1134.8052092827857, 457.866074424237, 1089.6433582529426]]}