{"producer_bhp": [[1114.1224201768637, 1130.6204619817436, 1114.1224201768637, 1130.6204619817436, 1114.1224201768637, 1130.6204619817436, 1114.1224201768637, 1106.0614302754402, 1114.1224201768637, 1106.0614302754402], [1117.3422242049128, 1023.570216121152, 1117.3422242049128, 1023.570216121152, 1117.3422242049128, 1023.570216121152, 1117.3422242049128, 1131.7982269451022, 1117.3422242049128, 1131.7982269451022], [1120.562028232962, 916.5199702605605, 1120.562028232962, 916.5199702605605, 1120.562028232962, 916.5199702605605, 1120.562028232962, 1157.5350236147642, 1120.562028232962, 1157.5350236147642], [1155.67807094194, 1002.634261129424, 1155.67807094194, 1002.634261129424, 1155.67807094194, 1002.634261129424, 1155.67807094194, 1228.1216956675053, 1155.67807094194, 1228.1216956675053], [1190.794113650918, 1088.7485519982874, 1190.794113650918, 1088.7485519982874, 1190.794113650918, 1088.7485519982874, 1190.794113650918, 1298.7083677202463, 1190.794113650918, 1298.7083677202463], [1083.3782205358148, 1185.303847398609, 1083.3782205358148, 1185.303847398609, 1083.3782205358148, 1185.303847398609, 1083.3782205358148, 988.258596137166, 1083.3782205358148, 988.258596137166]], "injector_rates": [[833.9824025519192, 437.85349521785975, 437.85349521785975, 833.9824025519192, 893.0720798671246], [601.7006882932037, 803.0684085097164, 803.0684085097164, 601.7006882932037, 781.8767733871937], [369.4189740344882, 1168.283321801573, 1168.283321801573, 369.4189740344882, 670.6814669072628], [591.2925254087895, 1145.4434805549681, 1145.4434805549681, 591.2925254087895, 752.1469825878739], [813.1660767830908, 1122.6036393083632, 1122.6036393083632, 813.1660767830908, 833.6124982684851], [1057.4434004724026, 678.7815889343619, 678.7815889343619, 1057.4434004724026, 1007.3399514891207]]}