{"producer_bhp": [[1200.716957077384, 1213.3423388935626, 1200.716957077384, 1213.3423388935626, 1200.716957077384, 1213.3423388935626, 1200.716957077384, 1247.904880065471, 1200.716957077384, 1247.904880065471], [1089.8938491940498, 1279.5183750335127, 1089.8938491940498, 1279.5183750335127, 1089.8938491940498, 1279.5183750335127, 1089.8938491940498, 1267.5346139352769, 1089.8938491940498, 1267.5346139352769], [979.0707413107157, 1345.6944111734629, 979.0707413107157, 1345.6944111734629, 979.0707413107157, 1345.6944111734629, 979.0707413107157, 1287.1643478050828, 979.0707413107157, 1287.1643478050828], [1128.1715725548565, 1369.9911465868354, 1128.1715725548565, 1369.9911465868354, 1128.1715725548565, 1369.9911465868354, 1128.1715725548565, 1137.3994877561927, 1128.1715725548565, 1137.3994877561927], [1277.2724037989974, 1394.287882000208, 1277.2724037989974, 1394.287882000208, 1277.2724037989974, 1394.287882000208, 1277.2724037989974, 987.6346277073026, 1277.2724037989974, 987.6346277073026], [1103.1769282184541, 1323.480813857168, 1103.1769282184541, 1323.480813857168, 1103.1769282184541, 1323.480813857168, 1103.1769282184541, 967.3719788901508, 1103.1769282184541, 967.3719788901508]], "injector_rates": [[859.1230259276927, 668.1991009041667, 668.1991009041667, 859.1230259276927, 625.6340523250401], [959.1519538778812, 755.6363407988101, 755.6363407988101, 959.1519538778812, 772.9346912819892], [1059.1808818280697, 843.0735806934536, 843.0735806934536, 1059.1808818280697, 920.2353302389383], [939.5363084971905, 616.4288790430874, 616.4288790430874, 939.5363084971905, 628.1642869580537], [819.8917351663113, 389.7841773927212, 389.7841773927212, 819.8917351663113, 336.0932436771691], [1065.2597431093454, 651.6656787134707, 651.6656787134707, 1065.2597431093454, 496.77944630384445]]}