{"producer_bhp": [[1331.559704709798, 1336.2139743752778, 1331.559704709798, 1336.2139743752778, 1331.559704709798, 1336.2139743752778, 1331.559704709798, 1297.8723930194974, 1331.559704709798, 1297.8723930194974], [1180.107429716736, 1206.2546350993216, 1180.107429716736, 1206.2546350993216, 1180.107429716736, 1206.2546350993216, 1180.107429716736, 1269.9591855984181, 1180.107429716736, 1269.9591855984181], [1028.655154723674, 1076.2952958233654, 1028.655154723674, 1076.2952958233654, 1028.655154723674, 1076.2952958233654, 1028.655154723674, 1242.0459781773388, 1028.655154723674, 1242.0459781773388], [1107.6950373593718, 1026.3798102736473, 1107.6950373593718, 1026.3798102736473, 1107.6950373593718, 1026.3798102736473, 1107.6950373593718, 1299.1059651598334, 1107.6950373593718, 1299.1059651598334], [1186.7349199950695, 976.4643247239292, 1186.7349199950695, 976.4643247239292, 1186.7349199950695, 976.4643247239292, 1186.7349199950695, 1356.165952142328, 1186.7349199950695, 1356.165952142328], [1013.1381895393133, 999.2542682215571, 1013.1381895393133, 999.2542682215571, 1013.1381895393133, 999.2542682215571, 1013.1381895393133, 1064.048554841429, 1013.1381895393133, 1064.048554841429]], "injector_rates": [[687.1513961814344, 1158.8482693769038, 1158.8482693769038, 687.1513961814344, 472.0951672643423], [644.9157760944217, 1124.0826898254454, 1124.0826898254454, 644.9157760944217, 509.66906449757516], [602.6801560074091, 1089.317110273987, 1089.317110273987, 602.6801560074091, 547.242961730808], [798.1229548808187, 935.7632274739444, 935.7632274739444, 798.1229548808187, 624.4450965430588], [993.5657537542284, 782.2093446739018, 782.2093446739018, 993.5657537542284, 701.6472313553095], [508.11026226729155, 1156.721919681877, 1156.721919681877, 508.11026226729155, 782.1724005974829]]}