{"producer_bhp": [[1194.915962498635, 1070.9497016854584, 1194.915962498635, 1070.9497016854584, 1194.915962498635, 1070.9497016854584, 1194.915962498635, 976.7100374214351, 1194.915962498635, 976.7100374214351], [1190.7057104166597, 1145.949411764741, 1190.7057104166597, 1145.949411764741, 1190.7057104166597, 1145.949411764741, 1190.7057104166597, 959.1769185848534, 1190.7057104166597, 959.1769185848534], [1186.4954583346844, 1220.9491218440235, 1186.4954583346844, 1220.9491218440235, 1186.4954583346844, 1220.9491218440235, 1186.4954583346844, 941.6437997482717, 1186.4954583346844, 941.6437997482717], [1097.3977540619671, 1178.4241561312228, 1097.3977540619671, 1178.4241561312228, 1097.3977540619671, 1178.4241561312228, 1097.3977540619671, 1159.6958922222257, 1097.3977540619671, 1159.6958922222257], [1008.3000497892499, 1135.8991904184222, 1008.3000497892499, 1135.8991904184222, 1008.3000497892499, 1135.8991904184222, 1008.3000497892499, 1377.7479846961796, 1008.3000497892499, 1377.7479846961796], [912.9366791807115, 995.4016582109034, 912.9366791807115, 995.4016582109034, 912.9366791807115, 995.4016582109034, 912.9366791807115, 1134.8249801434577, 912.9366791807115, 1134.8249801434577]], "injector_rates": [[852.9492823407054, 585.6763866730034, 585.6763866730034, 852.9492823407054, 533.9318155311048], [848.2277282048017, 608.5144115611911, 608.5144115611911, 848.2277282048017, 797.2025326453149], [843.506174068898, 631.3524364493787, 631.3524364493787, 843.506174068898, 1060.473249759525], [1010.1243711076677, 843.2808664161712, 843.2808664161712, 1010.1243711076677, 1067.590918019414], [1176.7425681464374, 1055.2092963829637, 1055.2092963829637, 1176.7425681464374, 1074.7085862793028], [1183.8884046301246, 955.6065919809043, 955.6065919809043, 1183.8884046301246, 576.7841940745711]]}