{"producer_bhp": [[1391.5269743651152, 1272.027188539505, 1391.5269743651152, 1272.027188539505, 1391.5269743651152, 1272.027188539505, 1391.5269743651152, 1288.308163266629, 1391.5269743651152, 1288.308163266629], [1161.6968462243676, 1240.3683579526842, 1161.6968462243676, 1240.3683579526842, 1161.6968462243676, 1240.3683579526842, 1161.6968462243676, 1121.7674429994076, 1161.6968462243676, 1121.7674429994076], [931.8667180836201, 1208.7095273658633, 931.8667180836201, 1208.7095273658633, 931.8667180836201, 1208.7095273658633, 931.8667180836201, 955.2267227321863, 931.8667180836201, 955.2267227321863], [1124.8961040750146, 1226.6283480916172, 1124.8961040750146, 1226.6283480916172, 1124.8961040750146, 1226.6283480916172, 1124.8961040750146, 1106.6605938598514, 1124.8961040750146, 1106.6605938598514], [1317.925490066409, 1244.5471688173711, 1317.925490066409, 1244.5471688173711, 1317.925490066409, 1244.5471688173711, 1317.925490066409, 1258.0944649875164, 1317.925490066409, 1258.0944649875164], [943.3494905009866, 1040.3336049988866, 943.3494905009866, 1040.3336049988866, 943.3494905009866, 1040.3336049988866, 943.3494905009866, 1239.0328451059759, 943.3494905009866, 1239.0328451059759]], "injector_rates": [[366.07160568237305, 925.9378666989505, 925.9378666989505, 366.07160568237305, 850.0800797715783], [362.0432919356972, 792.1053959056735, 792.1053959056735, 362.0432919356972, 632.0263976231217], [358.01497818902135, 658.2729251123965, 658.2729251123965, 358.01497818902135, 413.97271547466516], [714.1408720985055, 819.9003215879202, 819.9003215879202, 714.1408720985055, 740.9664876759052], [1070.2667660079896, 981.5277180634439, 981.5277180634439, 1070.2667660079896, 1067.9602598771453], [1035.591690056026, 778.0773220583797, 778.0773220583797, 1035.591690056026, 511.4024634473026]]}