{"producer_bhp": [[901.8854695372283, 1212.3704111203551, 901.8854695372283, 1212.3704111203551, 901.8854695372283, 1212.3704111203551, 901.8854695372283, 1165.7945193350315, 901.8854695372283, 1165.7945193350315], [1137.3428074643016, 1105.170025350526, 1137.3428074643016, 1105.170025350526, 1137.3428074643016, 1105.170025350526, 1137.3428074643016, 1168.4538706671447, 1137.3428074643016, 1168.4538706671447], [1372.8001453913748, 997.9696395806968, 1372.8001453913748, 997.9696395806968, 1372.8001453913748, 997.9696395806968, 1372.8001453913748, 1171.1132219992578, 1372.8001453913748, 1171.1132219992578], [1252.045384934172, 1113.0935376044363, 1252.045384934172, 1113.0935376044363, 1252.045384934172, 1113.0935376044363, 1252.045384934172, 1176.0625649243593, 1252.045384934172, 1176.0625649243593], [1131.2906244769692, 1228.2174356281757, 1131.2906244769692, 1228.2174356281757, 1131.2906244769692, 1228.2174356281757, 1131.2906244769692, 1181.0119078494608, 1131.2906244769692, 1181.0119078494608], [1050.9820646606386, 1347.4099446088076, 1050.9820646606386, 1347.4099446088076, 1050.9820646606386, 1347.4099446088076, 1050.9820646606386, 1385.591628588736, 1050.9820646606386, 1385.591628588736]], "injector_rates": [[385.7045601122081, 990.807930752635, 990.807930752635, 385.7045601122081, 715.9397047944367], [612.9409512039274, 1006.322338571772, 1006.322338571772, 612.9409512039274, 763.4360675700009], [840.1773422956467, 1021.836746390909, 1021.836746390909, 840.1773422956467, 810.9324303455651], [885.7049087528139, 1109.104544436559, 1109.104544436559, 885.7049087528139, 811.9274519383907], [931.2324752099812, 1196.3723424822092, 1196.3723424822092, 931.2324752099812, 812.9224735312164], [1189.970925450325, 603.1316245906055, 603.1316245906055, 1189.970925450325, 959.7560774534941]]}