{"producer_bhp": [[1343.1597883813083, 1378.1143199652433, 1343.1597883813083, 1378.1143199652433, 1343.1597883813083, 1378.1143199652433, 1343.1597883813083, 1263.1711769849062, 1343.1597883813083, 1263.1711769849062], [1291.6438666637987, 1326.2621232774109, 1291.6438666637987, 1326.2621232774109, 1291.6438666637987, 1326.2621232774109, 1291.6438666637987, 1323.3198068104684, 1291.6438666637987, 1323.3198068104684], [1240.127944946289, 1274.4099265895784, 1240.127944946289, 1274.4099265895784, 1240.127944946289, 1274.4099265895784, 1240.127944946289, 1383.4684366360307, 1240.127944946289, 1383.4684366360307], [1142.786273593083, 1245.1638163533062, 1142.786273593083, 1245.1638163533062, 1142.786273593083, 1245.1638163533062, 1142.786273593083, 1167.1191580593586, 1142.786273593083, 1167.1191580593586], [1045.444602239877, 1215.917706117034, 1045.444602239877, 1215.917706117034, 1045.444602239877, 1215.917706117034, 1045.444602239877, 950.7698794826865, 1045.444602239877, 950.7698794826865], [1340.6280438415706, 1007.0883474312723, 1340.6280438415706, 1007.0883474312723, 1340.6280438415706, 1007.0883474312723, 1340.6280438415706, 1317.738938704133, 1340.6280438415706, 1317.738938704133]], "injector_rates": [[327.06754244863987, 1177.8061654418707, 1177.8061654418707, 327.06754244863987, 1194.65895825997], [513.6197810992599, 1106.0042850673199, 1106.0042850673199, 513.6197810992599, 1190.22576212883], [700.1720197498798, 1034.202404692769, 1034.202404692769, 700.1720197498798, 1185.79256599769], [633.1572986673564, 1025.4460932221264, 1025.4460932221264, 633.1572986673564, 953.5474965814501], [566.1425775848329, 1016.6897817514837, 1016.6897817514837, 566.1425775848329, 721.3024271652102], [346.77270613610744, 923.4163781628013, 923.4163781628013, 346.77270613610744, 1153.0564170330763]]}