{"producer_bhp": [[1070.5211247317493, 1394.7994779795408, 1070.5211247317493, 1394.7994779795408, 1070.5211247317493, 1394.7994779795408, 1070.5211247317493, 1332.026321068406, 1070.5211247317493, 1332.026321068406], [1027.4646876845509, 1193.488213326782, 1027.4646876845509, 1193.488213326782, 1027.4646876845509, 1193.488213326782, 1027.4646876845509, 1186.0148216132075, 1027.4646876845509, 1186.0148216132075], [984.4082506373525, 992.1769486740232, 984.4082506373525, 992.1769486740232, 984.4082506373525, 992.1769486740232, 984.4082506373525, 1040.0033221580088, 984.4082506373525, 1040.0033221580088], [1123.1953255832195, 1079.8184860963374, 1123.1953255832195, 1079.8184860963374, 1123.1953255832195, 1079.8184860963374, 1123.1953255832195, 1219.5292437449098, 1123.1953255832195, 1219.5292437449098], [1261.9824005290866, 1167.4600235186517, 1261.9824005290866, 1167.4600235186517, 1261.9824005290866, 1167.4600235186517, 1261.9824005290866, 1399.0551653318107, 1261.9824005290866, 1399.0551653318107], [1196.643519308418, 903.0556418932974, 1196.643519308418, 903.0556418932974, 1196.643519308418, 903.0556418932974, 1196.643519308418, 949.436483066529, 1196.643519308418, 949.436483066529]], "injector_rates": [[965.3983421623707, 747.405971121043, 747.405971121043, 965.3983421623707, 436.47496048361063], [916.6213436052203, 525.9681638795882, 525.9681638795882, 916.6213436052203, 723.3970555476844], [867.84434504807, 304.5303566381335, 304.5303566381335, 867.84434504807, 1010.3191506117582], [689.1125138383359, 663.5248387232423, 663.5248387232423, 689.1125138383359, 963.9451074879616], [510.3806826286018, 1022.519320808351, 1022.519320808351, 510.3806826286018, 917.5710643641651], [557.2370485402644, 905.482339952141, 905.482339952141, 557.2370485402644, 972.6078157313168]]}