{"producer_bhp": [[1201.7262001521885, 1306.515273731202, 1201.7262001521885, 1306.515273731202, 1201.7262001521885, 1306.515273731202, 1201.7262001521885, 1038.7970470823348, 1201.7262001521885, 1038.7970470823348], [1137.3057052027434, 1227.2104111965746, 1137.3057052027434, 1227.2104111965746, 1137.3057052027434, 1227.2104111965746, 1137.3057052027434, 1031.5842363983393, 1137.3057052027434, 1031.5842363983393], [1072.8852102532983, 1147.9055486619473, 1072.8852102532983, 1147.9055486619473, 1072.8852102532983, 1147.9055486619473, 1072.8852102532983, 1024.3714257143438, 1072.8852102532983, 1024.3714257143438], [1005.1632447633892, 1138.7770283967257, 1005.1632447633892, 1138.7770283967257, 1005.1632447633892, 1138.7770283967257, 1005.1632447633892, 1097.262482950464, 1005.1632447633892, 1097.262482950464], [937.4412792734802, 1129.648508131504, 937.4412792734802, 1129.648508131504, 937.4412792734802, 1129.648508131504, 937.4412792734802, 1170.153540186584, 937.4412792734802, 1170.153540186584], [1167.284769564867, 1107.2134669870138, 1167.284769564867, 1107.2134669870138, 1167.284769564867, 1107.2134669870138, 1167.284769564867, 1241.897497419268, 1167.284769564867, 1241.897497419268]], "injector_rates": [[713.2156449370086, 618.6318933963776, 618.6318933963776, 713.2156449370086, 1163.473236747086], [512.9856117535383, 734.7994667943567, 734.7994667943567, 512.9856117535383, 801.5673378948122], [312.7555785700679, 850.9670401923358, 850.9670401923358, 312.7555785700679, 439.6614390425384], [736.2204051576555, 1019.1746434662491, 1019.1746434662491, 736.2204051576555, 524.1114721633494], [1159.685231745243, 1187.3822467401624, 1187.3822467401624, 1159.685231745243, 608.5615052841604], [837.5841172412038, 382.45362220332026, 382.45362220332026, 837.5841172412038, 1102.9378219507635]]}