{"producer_bhp": [[979.372473526746, 917.9060264490545, 979.372473526746, 917.9060264490545, 979.372473526746, 917.9060264490545, 979.372473526746, 931.4148305915296, 979.372473526746, 931.4148305915296], [964.3802455160767, 1086.7031301371753, 964.3802455160767, 1086.7031301371753, 964.3802455160767, 1086.7031301371753, 964.3802455160767, 1144.9607108719647, 964.3802455160767, 1144.9607108719647], [949.3880175054073, 1255.5002338252962, 949.3880175054073, 1255.5002338252962, 949.3880175054073, 1255.5002338252962, 949.3880175054073, 1358.5065911523998, 949.3880175054073, 1358.5065911523998], [1119.0519557334483, 1259.965802403167, 1119.0519557334483, 1259.965802403167, 1119.0519557334483, 1259.965802403167, 1119.0519557334483, 1138.4825916960835, 1119.0519557334483, 1138.4825916960835], [1288.7158939614892, 1264.4313709810376, 1288.7158939614892, 1264.4313709810376, 1288.7158939614892, 1264.4313709810376, 1288.7158939614892, 918.4585922397673, 1288.7158939614892, 918.4585922397673], [923.5000201500952, 1134.4996398314834, 923.5000201500952, 1134.4996398314834, 923.5000201500952, 1134.4996398314834, 923.5000201500952, 1081.0341915115714, 923.5000201500952, 1081.0341915115714]], "injector_rates": [[661.9849632494152, 960.143778193742, 960.143778193742, 661.9849632494152, 992.1157197095454], [738.2325543556362, 876.2158077210188, 876.2158077210188, 738.2325543556362, 926.0973567143083], [814.4801454618573, 792.2878372482955, 792.2878372482955, 814.4801454618573, 860.0789937190711], [907.6021190732718, 759.4752516131848, 759.4752516131848, 907.6021190732718, 1001.3878237456083], [1000.7240926846862, 726.6626659780741, 726.6626659780741, 1000.7240926846862, 1142.6966537721455], [489.5963178947568, 1186.0626988112926, 1186.0626988112926, 489.5963178947568, 721.6192044317722]]}