{"producer_bhp": [[906.800894625485, 1368.0456686764956, 906.800894625485, 1368.0456686764956, 906.800894625485, 1368.0456686764956, 906.800894625485, 1144.4364596158266, 906.800894625485, 1144.4364596158266], [1031.2586173880845, 1299.0252499934286, 1031.2586173880845, 1299.0252499934286, 1031.2586173880845, 1299.0252499934286, 1031.2586173880845, 1134.8610158078372, 1031.2586173880845, 1134.8610158078372], [1155.7163401506841, 1230.0048313103616, 1155.7163401506841, 1230.0048313103616, 1155.7163401506841, 1230.0048313103616, 1155.7163401506841, 1125.285571999848, 1155.7163401506841, 1125.285571999848], [1188.4183074347675, 1096.7833403032273, 1188.4183074347675, 1096.7833403032273, 1188.4183074347675, 1096.7833403032273, 1188.4183074347675, 1053.105879900977, 1188.4183074347675, 1053.105879900977], [1221.1202747188509, 963.561849296093, 1221.1202747188509, 963.561849296093, 1221.1202747188509, 963.561849296093, 1221.1202747188509, 980.9261878021061, 1221.1202747188509, 980.9261878021061], [1239.0104658901691, 1071.565608587116, 1239.0104658901691, 1071.565608587116, 1239.0104658901691, 1071.565608587116, 1239.0104658901691, 1130.3224615752697, 1239.0104658901691, 1130.3224615752697]], "injector_rates": [[1153.9085724391043, 1166.250972636044, 1166.250972636044, 1153.9085724391043, 1085.0289026275277], [864.0056140255183, 1090.9765724558383, 1090.9765724558383, 864.0056140255183, 703.9474116638303], [574.1026556119323, 1015.7021722756326, 1015.7021722756326, 574.1026556119323, 322.86592070013285], [811.2864354159683, 705.4700049106032, 705.4700049106032, 811.2864354159683, 670.7212520297617], [1048.4702152200043, 395.2378375455737, 395.2378375455737, 1048.4702152200043, 1018.5765833593905], [962.2640853747725, 431.10522413626313, 431.10522413626313, 962.2640853747725, 666.3506808690727]]}