{"producer_bhp": [[1191.8963553383946, 977.7136399410665, 1191.8963553383946, 977.7136399410665, 1191.8963553383946, 977.7136399410665, 1191.8963553383946, 1311.0600664280355, 1191.8963553383946, 1311.0600664280355], [1266.9567871838808, 999.9378464184701, 1266.9567871838808, 999.9378464184701, 1266.9567871838808, 999.9378464184701, 1266.9567871838808, 1336.752860667184, 1266.9567871838808, 1336.752860667184], [1342.017219029367, 1022.1620528958738, 1342.017219029367, 1022.1620528958738, 1342.017219029367, 1022.1620528958738, 1342.017219029367, 1362.4456549063325, 1342.017219029367, 1362.4456549063325], [1345.0734856072813, 1195.7038509193808, 1345.0734856072813, 1195.7038509193808, 1345.0734856072813, 1195.7038509193808, 1345.0734856072813, 1211.3791679497808, 1345.0734856072813, 1211.3791679497808], [1348.1297521851957, 1369.2456489428878, 1348.1297521851957, 1369.2456489428878, 1348.1297521851957, 1369.2456489428878, 1348.1297521851957, 1060.3126809932292, 1348.1297521851957, 1060.3126809932292], [1349.7137106955051, 1154.1343094781041, 1349.7137106955051, 1154.1343094781041, 1349.7137106955051, 1154.1343094781041, 1349.7137106955051, 1379.0754015557468, 1349.7137106955051, 1379.0754015557468]], "injector_rates": [[721.1592223495245, 649.2991673760116, 649.2991673760116, 721.1592223495245, 1128.0621014535427], [649.075184063986, 630.2229196764529, 630.2229196764529, 649.075184063986, 853.9558231830597], [576.9911457784474, 611.1466719768941, 611.1466719768941, 576.9911457784474, 579.8495449125767], [716.3084875792265, 545.5547898542136, 545.5547898542136, 716.3084875792265, 668.1964048650116], [855.6258293800056, 479.96290773153305, 479.96290773153305, 855.6258293800056, 756.5432648174465], [954.5641288161278, 1006.7541972734034, 1006.7541972734034, 954.5641288161278, 852.5007390417159]]}