{"producer_bhp": [[1269.4444876164198, 1245.8246057853103, 1269.4444876164198, 1245.8246057853103, 1269.4444876164198, 1245.8246057853103, 1269.4444876164198, 1045.430263131857, 1269.4444876164198, 1045.430263131857], [1093.5558018740267, 1255.1678948570043, 1093.5558018740267, 1255.1678948570043, 1093.5558018740267, 1255.1678948570043, 1093.5558018740267, 1110.2105203084648, 1093.5558018740267, 1110.2105203084648], [917.6671161316335, 1264.5111839286983, 917.6671161316335, 1264.5111839286983, 917.6671161316335, 1264.5111839286983, 917.6671161316335, 1174.9907774850726, 917.6671161316335, 1174.9907774850726], [990.9840143285692, 1303.7915903609246, 990.9840143285692, 1303.7915903609246, 990.9840143285692, 1303.7915903609246, 990.9840143285692, 1245.0423020403832, 990.9840143285692, 1245.0423020403832], [1064.3009125255048, 1343.071996793151, 1064.3009125255048, 1343.071996793151, 1064.3009125255048, 1343.071996793151, 1064.3009125255048, 1315.0938265956938, 1064.3009125255048, 1315.0938265956938], [1226.2125430628657, 960.7860311865807, 1226.2125430628657, 960.7860311865807, 1226.2125430628657, 960.7860311865807, 1226.2125430628657, 1058.986413385719, 1226.2125430628657, 1058.986413385719]], "injector_rates": [[332.92813561856747, 401.54256764799356, 401.54256764799356, 332.92813561856747, 613.2235575467348], [438.1389321293682, 396.17743589915335, 396.17743589915335, 438.1389321293682, 571.7572507448494], [543.3497286401689, 390.81230415031314, 390.81230415031314, 543.3497286401689, 530.2909439429641], [834.476963756606, 662.8769373055547, 662.8769373055547, 834.476963756606, 864.3413612153381], [1125.604198873043, 934.9415704607964, 934.9415704607964, 1125.604198873043, 1198.3917784877121], [703.9626063778996, 648.8163353875279, 648.8163353875279, 703.9626063778996, 586.1290094442666]]}