{"producer_bhp": [[1355.21690370515, 1220.2674938365817, 1355.21690370515, 1220.2674938365817, 1355.21690370515, 1220.2674938365817, 1355.21690370515, 1357.77602866292, 1355.21690370515, 1357.77602866292], [1284.6572197508067, 1120.0950691476464, 1284.6572197508067, 1120.0950691476464, 1284.6572197508067, 1120.0950691476464, 1284.6572197508067, 1308.8109193835407, 1284.6572197508067, 1308.8109193835407], [1214.0975357964635, 1019.9226444587111, 1214.0975357964635, 1019.9226444587111, 1214.0975357964635, 1019.9226444587111, 1214.0975357964635, 1259.8458101041615, 1214.0975357964635, 1259.8458101041615], [1128.4717988222837, 1032.8448962885886, 1128.4717988222837, 1032.8448962885886, 1128.4717988222837, 1032.8448962885886, 1128.4717988222837, 1082.2886923328042, 1128.4717988222837, 1082.2886923328042], [1042.846061848104, 1045.7671481184661, 1042.846061848104, 1045.7671481184661, 1042.846061848104, 1045.7671481184661, 1042.846061848104, 904.7315745614469, 1042.846061848104, 904.7315745614469], [1207.542680297047, 1043.2545213028789, 1207.542680297047, 1043.2545213028789, 1207.542680297047, 1043.2545213028789, 1207.542680297047, 1020.6494774669409, 1207.542680297047, 1020.6494774669409]], "injector_rates": [[549.5362755842507, 826.5675145201385, 826.5675145201385, 549.5362755842507, 864.3400255590677], [722.3503687418997, 934.2848839703947, 934.2848839703947, 722.3503687418997, 830.1010021939874], [895.1644618995488, 1042.002253420651, 1042.002253420651, 895.1644618995488, 795.861978828907], [607.9380781855434, 843.3236514218152, 843.3236514218152, 607.9380781855434, 822.6296934764832], [320.71169447153807, 644.6450494229794, 644.6450494229794, 320.71169447153807, 849.3974081240594], [776.9765694625676, 1123.6886674538255, 1123.6886674538255, 776.9765694625676, 771.1812193505466]]}