{
  "oil": {
    "mape": 20.776869356632233,
    "r2": 0.3517841100692749,
    "mae": 1660.152587890625,
    "rmse": 2932.85498046875,
    "per_well_mape": [
      37.58980333805084,
      24.373365938663483,
      42.715683579444885,
      8.782972395420074,
      7.142311334609985,
      10.252732783555984,
      7.331329584121704,
      9.405829757452011,
      41.485005617141724,
      18.68964582681656
    ],
    "per_well_r2": [
      -1.0722601413726807,
      -0.2853856086730957,
      -1.802051067352295,
      0.833686888217926,
      0.8413715362548828,
      0.7823961973190308,
      0.8043866753578186,
      0.6812912225723267,
      -3.654947280883789,
      0.08781713247299194
    ]
  },
  "water": {
    "mape": 22.07033485174179,
    "r2": 0.36381638050079346,
    "mae": 3.645106792449951,
    "rmse": 6.108537197113037,
    "per_well_mape": [
      39.24064040184021,
      24.21206682920456,
      43.540069460868835,
      16.422879695892334,
      7.931086421012878,
      13.081693649291992,
      7.421983778476715,
      10.550303757190704,
      40.3935432434082,
      17.909064888954163
    ],
    "per_well_r2": [
      -1.446363925933838,
      -0.42658519744873047,
      -2.249776601791382,
      0.21257150173187256,
      0.587433934211731,
      0.542460560798645,
      0.5109590291976929,
      -0.07866644859313965,
      -3.5344557762145996,
      0.043485283851623535
    ]
  }
}