{
  "grid": {
    "nx": 100,
    "ny": 100,
    "dx": 50.0,
    "dy": 50.0,
    "Lx": 5000.0,
    "Ly": 5000.0
  },
  "permeability": {
    "mean": 97.42341680401168,
    "std": 108.55321122772236,
    "min": 10.0,
    "max": 500.0
  },
  "porosity": {
    "mean": 0.15438097177462365,
    "std": 0.0022722104900193022,
    "min": 0.15158113883008417,
    "max": 0.16118033988749894
  },
  "wells": {
    "n_producers": 40,
    "n_injectors": 18
  }
}